{
 "tag": "cls_resnet_roi_s1",
 "task": "cls",
 "arch": "resnet",
 "input": "roi",
 "aug": false,
 "seed": 1,
 "best_epoch": 4,
 "epochs_run": 19,
 "minutes": 0.34436585903167727,
 "test": {
  "roc_auc": 0.6083333333333334,
  "pr_auc": 0.1724563367666816,
  "sens": 0.4,
  "spec": 0.8541666666666666,
  "bal_acc": 0.6270833333333333,
  "cm": [
   41,
   7,
   3,
   2
  ],
  "thr": 0.03940627723932266
 },
 "test_pred": {
  "y": [
   0,
   1,
   0,
   0,
   0,
   0,
   0,
   0,
   0,
   0,
   0,
   0,
   0,
   0,
   0,
   0,
   1,
   0,
   0,
   0,
   0,
   0,
   0,
   0,
   0,
   0,
   0,
   0,
   0,
   0,
   0,
   0,
   0,
   0,
   0,
   0,
   0,
   0,
   1,
   1,
   1,
   0,
   0,
   0,
   0,
   0,
   0,
   0,
   0,
   0,
   0,
   0,
   0
  ],
  "p": [
   0.03229283541440964,
   0.009885412640869617,
   0.002406330546364188,
   0.0047104619443416595,
   0.004300896544009447,
   0.009645857848227024,
   0.15010596811771393,
   0.09523733705282211,
   0.009855265729129314,
   0.0016508310800418258,
   0.0021699920762330294,
   0.007116029970347881,
   0.014292820356786251,
   0.004425690043717623,
   0.0006493970286101103,
   0.015937337651848793,
   0.07019001990556717,
   0.007238271180540323,
   0.014230336993932724,
   0.013657496310770512,
   0.005061950534582138,
   0.012493634596467018,
   0.004157234448939562,
   0.0614272803068161,
   0.015071269124746323,
   0.007296748459339142,
   0.008482757024466991,
   0.013804755173623562,
   0.002820640569552779,
   0.005488485563546419,
   0.008387497626245022,
   0.012194971553981304,
   0.046659331768751144,
   0.013075989671051502,
   0.03239268437027931,
   0.055185042321681976,
   0.013649174943566322,
   0.012263931334018707,
   0.003987827338278294,
   0.05522308871150017,
   0.013026815839111805,
   0.01386649813503027,
   0.0015519090229645371,
   0.008748306892812252,
   0.023196540772914886,
   0.013871030882000923,
   0.013800114393234253,
   0.07652034610509872,
   0.08324024081230164,
   0.01188402995467186,
   0.002077970188111067,
   0.002948260400444269,
   0.002864207373932004
  ]
 }
}