{
 "tag": "cls_transformer_cfp_aug_s1",
 "task": "cls",
 "arch": "transformer",
 "input": "cfp",
 "aug": true,
 "seed": 1,
 "best_epoch": 2,
 "epochs_run": 17,
 "minutes": 1.068501615524292,
 "test": {
  "roc_auc": 0.7000000000000001,
  "pr_auc": 0.2621969696969697,
  "sens": 0.6,
  "spec": 0.7916666666666666,
  "bal_acc": 0.6958333333333333,
  "cm": [
   38,
   10,
   2,
   3
  ],
  "thr": 0.6668834090232849
 },
 "test_pred": {
  "y": [
   0,
   1,
   0,
   0,
   0,
   0,
   0,
   0,
   0,
   0,
   0,
   0,
   0,
   0,
   0,
   0,
   1,
   0,
   0,
   0,
   0,
   0,
   0,
   0,
   0,
   0,
   0,
   0,
   0,
   0,
   0,
   0,
   0,
   0,
   0,
   0,
   0,
   0,
   1,
   1,
   1,
   0,
   0,
   0,
   0,
   0,
   0,
   0,
   0,
   0,
   0,
   0,
   0
  ],
  "p": [
   0.6638944149017334,
   0.667339563369751,
   0.6668041348457336,
   0.6665592193603516,
   0.6664295196533203,
   0.6674329042434692,
   0.6674436330795288,
   0.6672970056533813,
   0.6651771664619446,
   0.6667670607566833,
   0.6662312150001526,
   0.6656055450439453,
   0.6661450862884521,
   0.6663939356803894,
   0.66645348072052,
   0.6646508574485779,
   0.6640979647636414,
   0.6656297445297241,
   0.6669374108314514,
   0.666774332523346,
   0.6675675511360168,
   0.6663680672645569,
   0.6653882265090942,
   0.6662489175796509,
   0.6664314270019531,
   0.6668252348899841,
   0.666678249835968,
   0.666797935962677,
   0.6670897603034973,
   0.6658411622047424,
   0.6661114692687988,
   0.6657608151435852,
   0.6657025814056396,
   0.6669182181358337,
   0.6673052906990051,
   0.6635669469833374,
   0.662570595741272,
   0.666706919670105,
   0.6666468977928162,
   0.6672742962837219,
   0.6673665046691895,
   0.6663637757301331,
   0.6659836769104004,
   0.6666863560676575,
   0.6671577095985413,
   0.6647211313247681,
   0.6645259857177734,
   0.6609706878662109,
   0.6645654439926147,
   0.6671789884567261,
   0.6664235591888428,
   0.664582371711731,
   0.664048433303833
  ]
 }
}