{
 "tag": "cls_full_hybrid_cfp_s2",
 "task": "cls",
 "arch": "full_hybrid",
 "input": "cfp",
 "aug": false,
 "seed": 2,
 "best_epoch": 4,
 "epochs_run": 19,
 "minutes": 1.1144096811612447,
 "test": {
  "roc_auc": 0.6875,
  "pr_auc": 0.19574314574314575,
  "sens": 0.6,
  "spec": 0.7916666666666666,
  "bal_acc": 0.6958333333333333,
  "cm": [
   38,
   10,
   2,
   3
  ],
  "thr": 0.6176869869232178
 },
 "test_pred": {
  "y": [
   0,
   1,
   0,
   0,
   0,
   0,
   0,
   0,
   0,
   0,
   0,
   0,
   0,
   0,
   0,
   0,
   1,
   0,
   0,
   0,
   0,
   0,
   0,
   0,
   0,
   0,
   0,
   0,
   0,
   0,
   0,
   0,
   0,
   0,
   0,
   0,
   0,
   0,
   1,
   1,
   1,
   0,
   0,
   0,
   0,
   0,
   0,
   0,
   0,
   0,
   0,
   0,
   0
  ],
  "p": [
   0.6146566271781921,
   0.6180737614631653,
   0.6151946187019348,
   0.6165596842765808,
   0.6176862716674805,
   0.618478000164032,
   0.6185387372970581,
   0.6181121468544006,
   0.6125704646110535,
   0.6148714423179626,
   0.6138671040534973,
   0.61318039894104,
   0.613418459892273,
   0.6136406660079956,
   0.6169885396957397,
   0.6138114929199219,
   0.613003134727478,
   0.617489218711853,
   0.6181440353393555,
   0.6178061962127686,
   0.6183302998542786,
   0.6171021461486816,
   0.6131740808486938,
   0.6174185872077942,
   0.6169344186782837,
   0.6175093650817871,
   0.6146084666252136,
   0.6141272187232971,
   0.6181209087371826,
   0.6124322414398193,
   0.6122655272483826,
   0.6132669448852539,
   0.6133270263671875,
   0.616919994354248,
   0.61805260181427,
   0.6121937036514282,
   0.6121088862419128,
   0.6135507225990295,
   0.6170846223831177,
   0.6179832816123962,
   0.6180423498153687,
   0.6173874139785767,
   0.61347496509552,
   0.6132544279098511,
   0.6177250146865845,
   0.6131110191345215,
   0.611616313457489,
   0.6129038333892822,
   0.6137579679489136,
   0.6177381277084351,
   0.6139706373214722,
   0.6120831966400146,
   0.6122081875801086
  ]
 }
}