{
 "tag": "cls_transformer_roi_s2",
 "task": "cls",
 "arch": "transformer",
 "input": "roi",
 "aug": false,
 "seed": 2,
 "best_epoch": 4,
 "epochs_run": 19,
 "minutes": 0.46337340275446576,
 "test": {
  "roc_auc": 0.6583333333333333,
  "pr_auc": 0.19980842911877394,
  "sens": 0.0,
  "spec": 0.9375,
  "bal_acc": 0.46875,
  "cm": [
   45,
   3,
   5,
   0
  ],
  "thr": 0.7048994302749634
 },
 "test_pred": {
  "y": [
   0,
   1,
   0,
   0,
   0,
   0,
   0,
   0,
   0,
   0,
   0,
   0,
   0,
   0,
   0,
   0,
   1,
   0,
   0,
   0,
   0,
   0,
   0,
   0,
   0,
   0,
   0,
   0,
   0,
   0,
   0,
   0,
   0,
   0,
   0,
   0,
   0,
   0,
   1,
   1,
   1,
   0,
   0,
   0,
   0,
   0,
   0,
   0,
   0,
   0,
   0,
   0,
   0
  ],
  "p": [
   0.5174440741539001,
   0.6947758197784424,
   0.5846449732780457,
   0.6162945628166199,
   0.6501773595809937,
   0.7053968906402588,
   0.715861976146698,
   0.6934892535209656,
   0.4419991672039032,
   0.6268738508224487,
   0.5180134773254395,
   0.4724012315273285,
   0.4833090901374817,
   0.6067992448806763,
   0.6739992499351501,
   0.4600670635700226,
   0.4525819718837738,
   0.7044606804847717,
   0.7013131976127625,
   0.6621338129043579,
   0.7054833173751831,
   0.6359678506851196,
   0.4668339192867279,
   0.6457950472831726,
   0.49289846420288086,
   0.5105578899383545,
   0.6300790309906006,
   0.6495215892791748,
   0.6832078099250793,
   0.4465058147907257,
   0.4655170440673828,
   0.449801504611969,
   0.4548996686935425,
   0.6751704216003418,
   0.6698893904685974,
   0.45642003417015076,
   0.4512980282306671,
   0.5691556334495544,
   0.5572706460952759,
   0.6885939836502075,
   0.6860039234161377,
   0.659826934337616,
   0.5565882921218872,
   0.5016834139823914,
   0.6012173891067505,
   0.4440971314907074,
   0.4389708638191223,
   0.4617936611175537,
   0.4864674508571625,
   0.583702027797699,
   0.6822120547294617,
   0.4264732003211975,
   0.4270465075969696
  ]
 }
}