{
 "tag": "cls_full_hybrid_roi_s0",
 "task": "cls",
 "arch": "full_hybrid",
 "input": "roi",
 "aug": false,
 "seed": 0,
 "best_epoch": 6,
 "epochs_run": 21,
 "minutes": 0.6928651094436645,
 "test": {
  "roc_auc": 0.625,
  "pr_auc": 0.14630144365438483,
  "sens": 0.2,
  "spec": 0.875,
  "bal_acc": 0.5375,
  "cm": [
   42,
   6,
   4,
   1
  ],
  "thr": 0.7436402440071106
 },
 "test_pred": {
  "y": [
   0,
   1,
   0,
   0,
   0,
   0,
   0,
   0,
   0,
   0,
   0,
   0,
   0,
   0,
   0,
   0,
   1,
   0,
   0,
   0,
   0,
   0,
   0,
   0,
   0,
   0,
   0,
   0,
   0,
   0,
   0,
   0,
   0,
   0,
   0,
   0,
   0,
   0,
   1,
   1,
   1,
   0,
   0,
   0,
   0,
   0,
   0,
   0,
   0,
   0,
   0,
   0,
   0
  ],
  "p": [
   0.5808544158935547,
   0.7453294396400452,
   0.7404399514198303,
   0.7351476550102234,
   0.6947939991950989,
   0.7467729449272156,
   0.7476593852043152,
   0.7463885545730591,
   0.23253676295280457,
   0.4268691837787628,
   0.28599315881729126,
   0.23849622905254364,
   0.2563150227069855,
   0.3158324956893921,
   0.6049594879150391,
   0.2627585828304291,
   0.2493165135383606,
   0.7458721995353699,
   0.7456457614898682,
   0.7363854050636292,
   0.7468677759170532,
   0.325833797454834,
   0.27526983618736267,
   0.7416170239448547,
   0.25100424885749817,
   0.48926085233688354,
   0.25922855734825134,
   0.6658741235733032,
   0.7337724566459656,
   0.22841735184192657,
   0.2321663200855255,
   0.2296305149793625,
   0.2483075112104416,
   0.7362533807754517,
   0.720565915107727,
   0.2297394722700119,
   0.23065359890460968,
   0.25492340326309204,
   0.3811294436454773,
   0.7103420495986938,
   0.7337154746055603,
   0.7353060245513916,
   0.5655401349067688,
   0.24540819227695465,
   0.3010742664337158,
   0.23036490380764008,
   0.22965548932552338,
   0.2802051901817322,
   0.5181708931922913,
   0.29176947474479675,
   0.3362758457660675,
   0.2317737191915512,
   0.23208047449588776
  ]
 }
}