{
 "tag": "cls_resnet_cfp_aug_s0",
 "task": "cls",
 "arch": "resnet",
 "input": "cfp",
 "aug": true,
 "seed": 0,
 "best_epoch": 1,
 "epochs_run": 16,
 "minutes": 0.8969273408253987,
 "test": {
  "roc_auc": 0.5958333333333333,
  "pr_auc": 0.45519445514054674,
  "sens": 0.2,
  "spec": 1.0,
  "bal_acc": 0.6,
  "cm": [
   48,
   0,
   4,
   1
  ],
  "thr": 0.5059698224067688
 },
 "test_pred": {
  "y": [
   0,
   1,
   0,
   0,
   0,
   0,
   0,
   0,
   0,
   0,
   0,
   0,
   0,
   0,
   0,
   0,
   1,
   0,
   0,
   0,
   0,
   0,
   0,
   0,
   0,
   0,
   0,
   0,
   0,
   0,
   0,
   0,
   0,
   0,
   0,
   0,
   0,
   0,
   1,
   1,
   1,
   0,
   0,
   0,
   0,
   0,
   0,
   0,
   0,
   0,
   0,
   0,
   0
  ],
  "p": [
   0.4174572229385376,
   0.4372466504573822,
   0.505950927734375,
   0.3933326005935669,
   0.34514281153678894,
   0.37549394369125366,
   0.42948079109191895,
   0.37931546568870544,
   0.390100359916687,
   0.3730531930923462,
   0.4125368893146515,
   0.3758227229118347,
   0.3711385428905487,
   0.3338543176651001,
   0.362571120262146,
   0.36130860447883606,
   0.33225011825561523,
   0.3608744740486145,
   0.37931936979293823,
   0.37094515562057495,
   0.403009831905365,
   0.4094201922416687,
   0.3655642569065094,
   0.3609471321105957,
   0.42338600754737854,
   0.4218001067638397,
   0.5049810409545898,
   0.3924584984779358,
   0.38785454630851746,
   0.39759770035743713,
   0.41223618388175964,
   0.3760974705219269,
   0.39555951952934265,
   0.4071371555328369,
   0.3619075417518616,
   0.37229305505752563,
   0.38680657744407654,
   0.3800130784511566,
   0.3518804609775543,
   0.5185009241104126,
   0.47133922576904297,
   0.3961704671382904,
   0.35233497619628906,
   0.39112022519111633,
   0.39604344964027405,
   0.39683687686920166,
   0.3720751702785492,
   0.35020485520362854,
   0.36180150508880615,
   0.37369808554649353,
   0.37505149841308594,
   0.40609702467918396,
   0.3816618323326111
  ]
 }
}