{
  "reg": {
    "resnet_cfp": {
      "point_mae_mean": 4.0760087966918945,
      "point_mae_std": 0.022146102360759493,
      "ens_mae": 4.02382644390511,
      "ci95": [
        3.738961303355969,
        4.340026468330944
      ],
      "point_r2": 0.3515101869901021,
      "ms_mae": 2.3341201146443686,
      "ms_r2": 0.5692370732625326,
      "n_seeds": 3
    },
    "resnet_roi": {
      "point_mae_mean": 4.211044788360596,
      "point_mae_std": 0.031684740326244305,
      "ens_mae": 4.1653960783970785,
      "ci95": [
        3.8881989919125313,
        4.469066886443976
      ],
      "point_r2": 0.3344085017840068,
      "ms_mae": 2.4665074348449707,
      "ms_r2": 0.5634389519691467,
      "n_seeds": 3
    },
    "resnet_annotated": {
      "point_mae_mean": 4.2236283620198565,
      "point_mae_std": 0.07755760543531041,
      "ens_mae": 4.162781282743787,
      "ci95": [
        3.8835694224557895,
        4.471441233261975
      ],
      "point_r2": 0.3245459000269572,
      "ms_mae": 2.541041453679403,
      "ms_r2": 0.52141801516215,
      "n_seeds": 3
    },
    "transformer_cfp": {
      "point_mae_mean": 4.158538659413655,
      "point_mae_std": 0.12260824044020856,
      "ens_mae": 4.049353266885464,
      "ci95": [
        3.738273451889157,
        4.398029975596341
      ],
      "point_r2": 0.24789981047312418,
      "ms_mae": 2.779684543609619,
      "ms_r2": 0.3158017595609029,
      "n_seeds": 3
    },
    "transformer_roi": {
      "point_mae_mean": 4.123659451802571,
      "point_mae_std": 0.040034052633360566,
      "ens_mae": 4.052744900607637,
      "ci95": [
        3.752191963578651,
        4.382497276002136
      ],
      "point_r2": 0.3116581042607625,
      "ms_mae": 2.5228010018666587,
      "ms_r2": 0.48754245042800903,
      "n_seeds": 3
    },
    "transformer_annotated": {
      "point_mae_mean": 4.169730981190999,
      "point_mae_std": 0.038474142691404874,
      "ens_mae": 4.096543602528514,
      "ci95": [
        3.779620030924668,
        4.436313636274488
      ],
      "point_r2": 0.30213679869969684,
      "ms_mae": 2.5744685331980386,
      "ms_r2": 0.4624633590380351,
      "n_seeds": 3
    },
    "hybrid_cfp": {
      "point_mae_mean": 4.066435654958089,
      "point_mae_std": 0.106061593412646,
      "ens_mae": 3.9601762813455337,
      "ci95": [
        3.670882374464755,
        4.282474910252051
      ],
      "point_r2": 0.3350444237391154,
      "ms_mae": 2.4064180850982666,
      "ms_r2": 0.5369948744773865,
      "n_seeds": 3
    },
    "hybrid_roi": {
      "point_mae_mean": 4.131331920623779,
      "point_mae_std": 0.08519252757293092,
      "ens_mae": 4.06680107125128,
      "ci95": [
        3.788387680480743,
        4.379200537925903
      ],
      "point_r2": 0.34022144476572674,
      "ms_mae": 2.374298652013143,
      "ms_r2": 0.5612092216809591,
      "n_seeds": 3
    },
    "hybrid_annotated": {
      "point_mae_mean": 4.125466505686442,
      "point_mae_std": 0.06353915173976718,
      "ens_mae": 4.025642631931466,
      "ci95": [
        3.742679871091085,
        4.3462206544719795
      ],
      "point_r2": 0.3199717203776042,
      "ms_mae": 2.444935401280721,
      "ms_r2": 0.5231324036916097,
      "n_seeds": 3
    },
    "full_hybrid_cfp": {
      "point_mae_mean": 4.33911116917928,
      "point_mae_std": 0.30615163749978136,
      "ens_mae": 4.143902202771237,
      "ci95": [
        3.845312392501648,
        4.468976239049184
      ],
      "point_r2": 0.2354989250500997,
      "ms_mae": 2.9709885915120444,
      "ms_r2": 0.2867972453435262,
      "n_seeds": 3
    },
    "full_hybrid_roi": {
      "point_mae_mean": 4.322798093159993,
      "point_mae_std": 0.10605824419755776,
      "ens_mae": 4.201312424696268,
      "ci95": [
        3.9267574447947347,
        4.491067914579289
      ],
      "point_r2": 0.2892528772354126,
      "ms_mae": 2.6616388956705728,
      "ms_r2": 0.4487934509913127,
      "n_seeds": 3
    },
    "full_hybrid_annotated": {
      "point_mae_mean": 4.291974067687988,
      "point_mae_std": 0.010667900361158392,
      "ens_mae": 4.180005291742138,
      "ci95": [
        3.885731687822759,
        4.503547725155433
      ],
      "point_r2": 0.2942528525988261,
      "ms_mae": 2.568461020787557,
      "ms_r2": 0.47019098202387494,
      "n_seeds": 3
    }
  },
  "cls": {
    "resnet_cfp": {
      "roc_mean": 0.5569444444444445,
      "roc_std": 0.04280843057617347,
      "ens_roc": 0.6041666666666666,
      "ci95": [
        0.4030337134853942,
        0.7908375850340135
      ],
      "pr_mean": 0.1263066573785155,
      "n_seeds": 3
    },
    "resnet_roi": {
      "roc_mean": 0.5569444444444445,
      "roc_std": 0.04863094833336555,
      "ens_roc": 0.5208333333333333,
      "ci95": [
        0.24162499999999998,
        0.7941176470588235
      ],
      "pr_mean": 0.19694232211142962,
      "n_seeds": 3
    },
    "resnet_annotated": {
      "roc_mean": 0.3541666666666667,
      "roc_std": 0.06208193510729724,
      "ens_roc": 0.2916666666666667,
      "ci95": [
        0.07333333333333336,
        0.5204187925170067
      ],
      "pr_mean": 0.09727048354088252,
      "n_seeds": 3
    },
    "transformer_cfp": {
      "roc_mean": 0.7013888888888888,
      "roc_std": 0.04058788665611798,
      "ens_roc": 0.6875,
      "ci95": [
        0.4,
        0.8958333333333334
      ],
      "pr_mean": 0.28896975462984803,
      "n_seeds": 3
    },
    "transformer_roi": {
      "roc_mean": 0.6319444444444443,
      "roc_std": 0.037319524562623364,
      "ens_roc": 0.6166666666666667,
      "ci95": [
        0.32666666666666666,
        0.8723404255319149
      ],
      "pr_mean": 0.17426958011812643,
      "n_seeds": 3
    },
    "transformer_annotated": {
      "roc_mean": 0.6652777777777777,
      "roc_std": 0.022652092264305704,
      "ens_roc": 0.6708333333333334,
      "ci95": [
        0.3133125,
        1.0
      ],
      "pr_mean": 0.23462272931177972,
      "n_seeds": 3
    },
    "hybrid_cfp": {
      "roc_mean": 0.5472222222222223,
      "roc_std": 0.0982681830628263,
      "ens_roc": 0.47500000000000003,
      "ci95": [
        0.28664285714285714,
        0.6600816326530609
      ],
      "pr_mean": 0.12186642162317483,
      "n_seeds": 3
    },
    "hybrid_roi": {
      "roc_mean": 0.5263888888888889,
      "roc_std": 0.15238586094938056,
      "ens_roc": 0.42916666666666664,
      "ci95": [
        0.09615384615384615,
        0.7653224055579678
      ],
      "pr_mean": 0.16462327456171502,
      "n_seeds": 3
    },
    "hybrid_annotated": {
      "roc_mean": 0.5291666666666667,
      "roc_std": 0.09397349902242927,
      "ens_roc": 0.5583333333333333,
      "ci95": [
        0.3333333333333333,
        0.7588652482269503
      ],
      "pr_mean": 0.13858528081455068,
      "n_seeds": 3
    },
    "full_hybrid_cfp": {
      "roc_mean": 0.7277777777777777,
      "roc_std": 0.04307795116464118,
      "ens_roc": 0.7208333333333333,
      "ci95": [
        0.46935518888406424,
        0.902007918552036
      ],
      "pr_mean": 0.21557712299647783,
      "n_seeds": 3
    },
    "full_hybrid_roi": {
      "roc_mean": 0.6222222222222222,
      "roc_std": 0.051068823085695096,
      "ens_roc": 0.6166666666666667,
      "ci95": [
        0.3666540404040403,
        0.8235294117647058
      ],
      "pr_mean": 0.14717122322868495,
      "n_seeds": 3
    },
    "full_hybrid_annotated": {
      "roc_mean": 0.6597222222222222,
      "roc_std": 0.06276179737608341,
      "ens_roc": 0.5708333333333333,
      "ci95": [
        0.2692307692307693,
        0.8367346938775511
      ],
      "pr_mean": 0.19735904807516058,
      "n_seeds": 3
    }
  }
}