{
  "FID_external_vs_GRAPE": 36.87859344482422,
  "KID_external_vs_GRAPE_mean": 0.020447146147489548,
  "KID_std": 0.0031649700831621885,
  "n_GRAPE": 631,
  "n_external": 342
}