{
  "FID": 36.62647247314453,
  "KID_mean": 0.03780720382928848,
  "KID_std": 0.00367272668518126,
  "n_real": 631,
  "n_fake": 1000
}