{
 "tag": "cls_hybrid_cfp_aug_s0",
 "task": "cls",
 "arch": "hybrid",
 "input": "cfp",
 "aug": true,
 "seed": 0,
 "best_epoch": 5,
 "epochs_run": 20,
 "minutes": 1.2986444195111593,
 "test": {
  "roc_auc": 0.5,
  "pr_auc": 0.11423021423021423,
  "sens": 0.0,
  "spec": 0.9791666666666666,
  "bal_acc": 0.4895833333333333,
  "cm": [
   47,
   1,
   5,
   0
  ],
  "thr": 0.5170533657073975
 },
 "test_pred": {
  "y": [
   0,
   1,
   0,
   0,
   0,
   0,
   0,
   0,
   0,
   0,
   0,
   0,
   0,
   0,
   0,
   0,
   1,
   0,
   0,
   0,
   0,
   0,
   0,
   0,
   0,
   0,
   0,
   0,
   0,
   0,
   0,
   0,
   0,
   0,
   0,
   0,
   0,
   0,
   1,
   1,
   1,
   0,
   0,
   0,
   0,
   0,
   0,
   0,
   0,
   0,
   0,
   0,
   0
  ],
  "p": [
   0.294478178024292,
   0.2842421233654022,
   0.37514689564704895,
   0.34853705763816833,
   0.38150182366371155,
   0.30706214904785156,
   0.44088706374168396,
   0.42762356996536255,
   0.2898051142692566,
   0.16077518463134766,
   0.26492586731910706,
   0.30304664373397827,
   0.27003756165504456,
   0.39509546756744385,
   0.409991592168808,
   0.2932339906692505,
   0.3165580928325653,
   0.46587130427360535,
   0.3961600363254547,
   0.3503616750240326,
   0.28835734724998474,
   0.3932023048400879,
   0.3113851845264435,
   0.4344041645526886,
   0.256707102060318,
   0.31968259811401367,
   0.4121023118495941,
   0.5395177006721497,
   0.4007914960384369,
   0.33673161268234253,
   0.31849145889282227,
   0.3483772873878479,
   0.4034437835216522,
   0.40322574973106384,
   0.44110697507858276,
   0.26548799872398376,
   0.2533383369445801,
   0.37345269322395325,
   0.3474303185939789,
   0.34698188304901123,
   0.42505988478660583,
   0.4159018397331238,
   0.39148345589637756,
   0.3229473829269409,
   0.35227230191230774,
   0.2650827169418335,
   0.3124844431877136,
   0.18052631616592407,
   0.24271991848945618,
   0.33772140741348267,
   0.38540583848953247,
   0.1736474186182022,
   0.21569576859474182
  ]
 }
}