{
 "tag": "cls_hybrid_cfp_aug_s1",
 "task": "cls",
 "arch": "hybrid",
 "input": "cfp",
 "aug": true,
 "seed": 1,
 "best_epoch": 9,
 "epochs_run": 24,
 "minutes": 1.5492881099383036,
 "test": {
  "roc_auc": 0.65,
  "pr_auc": 0.16653439153439153,
  "sens": 0.0,
  "spec": 0.9583333333333334,
  "bal_acc": 0.4791666666666667,
  "cm": [
   46,
   2,
   5,
   0
  ],
  "thr": 0.7521132826805115
 },
 "test_pred": {
  "y": [
   0,
   1,
   0,
   0,
   0,
   0,
   0,
   0,
   0,
   0,
   0,
   0,
   0,
   0,
   0,
   0,
   1,
   0,
   0,
   0,
   0,
   0,
   0,
   0,
   0,
   0,
   0,
   0,
   0,
   0,
   0,
   0,
   0,
   0,
   0,
   0,
   0,
   0,
   1,
   1,
   1,
   0,
   0,
   0,
   0,
   0,
   0,
   0,
   0,
   0,
   0,
   0,
   0
  ],
  "p": [
   0.2974359393119812,
   0.6862066388130188,
   0.45377829670906067,
   0.4170956015586853,
   0.21744655072689056,
   0.8426990509033203,
   0.8236031532287598,
   0.5280124545097351,
   0.2508690655231476,
   0.18452085554599762,
   0.1522095948457718,
   0.1783590167760849,
   0.16715461015701294,
   0.4522414803504944,
   0.44248151779174805,
   0.45853179693222046,
   0.3655676543712616,
   0.7255299687385559,
   0.47315406799316406,
   0.502627968788147,
   0.5604696273803711,
   0.4798285961151123,
   0.3431517779827118,
   0.45442137122154236,
   0.33581727743148804,
   0.26573002338409424,
   0.43284037709236145,
   0.48680463433265686,
   0.37880074977874756,
   0.20318371057510376,
   0.2761538326740265,
   0.23277828097343445,
   0.2883484363555908,
   0.5172486305236816,
   0.4462820589542389,
   0.16442538797855377,
   0.1096162497997284,
   0.4817264974117279,
   0.30210593342781067,
   0.4769226312637329,
   0.4200151562690735,
   0.4630919396877289,
   0.28032466769218445,
   0.28646132349967957,
   0.48614999651908875,
   0.13648468255996704,
   0.24190394580364227,
   0.19049379229545593,
   0.118549644947052,
   0.2835262715816498,
   0.5534767508506775,
   0.09829185158014297,
   0.07802465558052063
  ]
 }
}