{
 "tag": "cls_hybrid_roi_s2",
 "task": "cls",
 "arch": "hybrid",
 "input": "roi",
 "aug": false,
 "seed": 2,
 "best_epoch": 3,
 "epochs_run": 18,
 "minutes": 0.5490566849708557,
 "test": {
  "roc_auc": 0.7375,
  "pr_auc": 0.2998431155407899,
  "sens": 0.2,
  "spec": 0.9791666666666666,
  "bal_acc": 0.5895833333333333,
  "cm": [
   47,
   1,
   4,
   1
  ],
  "thr": 0.022936290130019188
 },
 "test_pred": {
  "y": [
   0,
   1,
   0,
   0,
   0,
   0,
   0,
   0,
   0,
   0,
   0,
   0,
   0,
   0,
   0,
   0,
   1,
   0,
   0,
   0,
   0,
   0,
   0,
   0,
   0,
   0,
   0,
   0,
   0,
   0,
   0,
   0,
   0,
   0,
   0,
   0,
   0,
   0,
   1,
   1,
   1,
   0,
   0,
   0,
   0,
   0,
   0,
   0,
   0,
   0,
   0,
   0,
   0
  ],
  "p": [
   0.0012215605238452554,
   0.005335086490958929,
   0.0013756321277469397,
   0.0028629249427467585,
   0.0005318184848874807,
   0.01881764642894268,
   0.19129784405231476,
   0.012573447078466415,
   0.005788286682218313,
   0.0030716778710484505,
   0.00017766159726306796,
   0.007968355901539326,
   0.012333691120147705,
   0.0039268131367862225,
   0.004665412474423647,
   0.0063970983028411865,
   0.03699703887104988,
   0.00023631801013834774,
   0.00047220580745488405,
   0.0070309448055922985,
   0.006794200278818607,
   0.00021781255782116205,
   0.0019476300803944468,
   0.003145966911688447,
   0.001437669969163835,
   0.0018022810108959675,
   0.00587684940546751,
   0.0064689177088439465,
   0.004069426562637091,
   0.002123891841620207,
   0.0008722225320525467,
   0.0013965161051601171,
   0.0003417583357077092,
   0.004309199284762144,
   0.018831806257367134,
   0.0005546551547013223,
   0.0002916758239734918,
   0.00285709067247808,
   0.0005762082291767001,
   0.011536601930856705,
   0.010904749855399132,
   0.006660165265202522,
   0.0008570979698561132,
   0.0005320719792507589,
   0.0007190401083789766,
   0.007874522358179092,
   0.0006964427302591503,
   0.002694962313398719,
   0.004494469612836838,
   0.0011058315867558122,
   0.001229626010172069,
   0.0009075656998902559,
   0.0002695390139706433
  ]
 }
}