{
 "tag": "cls_transformer_cfp_s1",
 "task": "cls",
 "arch": "transformer",
 "input": "cfp",
 "aug": false,
 "seed": 1,
 "best_epoch": 6,
 "epochs_run": 21,
 "minutes": 1.2088976899782817,
 "test": {
  "roc_auc": 0.6791666666666667,
  "pr_auc": 0.2081164225845077,
  "sens": 0.6,
  "spec": 0.8333333333333334,
  "bal_acc": 0.7166666666666667,
  "cm": [
   40,
   8,
   2,
   3
  ],
  "thr": 0.5854159593582153
 },
 "test_pred": {
  "y": [
   0,
   1,
   0,
   0,
   0,
   0,
   0,
   0,
   0,
   0,
   0,
   0,
   0,
   0,
   0,
   0,
   1,
   0,
   0,
   0,
   0,
   0,
   0,
   0,
   0,
   0,
   0,
   0,
   0,
   0,
   0,
   0,
   0,
   0,
   0,
   0,
   0,
   0,
   1,
   1,
   1,
   0,
   0,
   0,
   0,
   0,
   0,
   0,
   0,
   0,
   0,
   0,
   0
  ],
  "p": [
   0.5345541834831238,
   0.590966522693634,
   0.546470046043396,
   0.5599188804626465,
   0.5675731301307678,
   0.5946301221847534,
   0.5950441956520081,
   0.5921204686164856,
   0.5164927840232849,
   0.5474756360054016,
   0.5341099500656128,
   0.5284462571144104,
   0.5332849025726318,
   0.5378543138504028,
   0.5568813681602478,
   0.5255851149559021,
   0.5151581168174744,
   0.5615444183349609,
   0.5925734043121338,
   0.5827462673187256,
   0.5936842560768127,
   0.5658488869667053,
   0.5275487899780273,
   0.5791131258010864,
   0.5661240816116333,
   0.5806800723075867,
   0.5434256792068481,
   0.539459764957428,
   0.5908350348472595,
   0.5138854384422302,
   0.5162622928619385,
   0.5213136672973633,
   0.5210320353507996,
   0.5595462322235107,
   0.5907899737358093,
   0.5145910978317261,
   0.5130351781845093,
   0.5360255241394043,
   0.5595641732215881,
   0.5890456438064575,
   0.590945839881897,
   0.5608248114585876,
   0.5288419723510742,
   0.5326328873634338,
   0.5754093527793884,
   0.5176541805267334,
   0.5079638361930847,
   0.5187204480171204,
   0.5254645943641663,
   0.5886669158935547,
   0.53941410779953,
   0.5123972296714783,
   0.511376678943634
  ]
 }
}