{
 "tag": "cls_transformer_cfp_s2",
 "task": "cls",
 "arch": "transformer",
 "input": "cfp",
 "aug": false,
 "seed": 2,
 "best_epoch": 6,
 "epochs_run": 21,
 "minutes": 1.1611005743344625,
 "test": {
  "roc_auc": 0.7583333333333334,
  "pr_auc": 0.4828571428571428,
  "sens": 0.6,
  "spec": 0.8958333333333334,
  "bal_acc": 0.7479166666666667,
  "cm": [
   43,
   5,
   2,
   3
  ],
  "thr": 0.7037681341171265
 },
 "test_pred": {
  "y": [
   0,
   1,
   0,
   0,
   0,
   0,
   0,
   0,
   0,
   0,
   0,
   0,
   0,
   0,
   0,
   0,
   1,
   0,
   0,
   0,
   0,
   0,
   0,
   0,
   0,
   0,
   0,
   0,
   0,
   0,
   0,
   0,
   0,
   0,
   0,
   0,
   0,
   0,
   1,
   1,
   1,
   0,
   0,
   0,
   0,
   0,
   0,
   0,
   0,
   0,
   0,
   0,
   0
  ],
  "p": [
   0.6653741002082825,
   0.7050259113311768,
   0.6694540977478027,
   0.6582203507423401,
   0.7027277946472168,
   0.7041518688201904,
   0.7043229937553406,
   0.7030993700027466,
   0.40751945972442627,
   0.6227005124092102,
   0.6185484528541565,
   0.6214050650596619,
   0.6180166602134705,
   0.6247145533561707,
   0.6857805848121643,
   0.5205415487289429,
   0.45227715373039246,
   0.6855058670043945,
   0.7047682404518127,
   0.7029123902320862,
   0.7037273049354553,
   0.7023112177848816,
   0.5954158306121826,
   0.7019450664520264,
   0.7018850445747375,
   0.7015640139579773,
   0.6015753746032715,
   0.5886087417602539,
   0.7044640779495239,
   0.4234759211540222,
   0.4337739944458008,
   0.4187054932117462,
   0.41530370712280273,
   0.6663367748260498,
   0.7046105265617371,
   0.39530298113822937,
   0.3978818655014038,
   0.534127950668335,
   0.6963616609573364,
   0.7041640281677246,
   0.7046754956245422,
   0.6999280452728271,
   0.5893274545669556,
   0.5132089257240295,
   0.7029678225517273,
   0.41244199872016907,
   0.4008480906486511,
   0.551268458366394,
   0.6157926321029663,
   0.7023829817771912,
   0.5850352644920349,
   0.42287635803222656,
   0.4155605435371399
  ]
 }
}