{
 "tag": "cls_full_hybrid_cfp_s1",
 "task": "cls",
 "arch": "full_hybrid",
 "input": "cfp",
 "aug": false,
 "seed": 1,
 "best_epoch": 45,
 "epochs_run": 60,
 "minutes": 3.409534259637197,
 "test": {
  "roc_auc": 0.7875,
  "pr_auc": 0.25606758832565285,
  "sens": 0.6,
  "spec": 0.8333333333333334,
  "bal_acc": 0.7166666666666667,
  "cm": [
   40,
   8,
   2,
   3
  ],
  "thr": 0.5975145101547241
 },
 "test_pred": {
  "y": [
   0,
   1,
   0,
   0,
   0,
   0,
   0,
   0,
   0,
   0,
   0,
   0,
   0,
   0,
   0,
   0,
   1,
   0,
   0,
   0,
   0,
   0,
   0,
   0,
   0,
   0,
   0,
   0,
   0,
   0,
   0,
   0,
   0,
   0,
   0,
   0,
   0,
   0,
   1,
   1,
   1,
   0,
   0,
   0,
   0,
   0,
   0,
   0,
   0,
   0,
   0,
   0,
   0
  ],
  "p": [
   0.5863140821456909,
   0.6024581789970398,
   0.5940714478492737,
   0.5932173728942871,
   0.5953433513641357,
   0.6041821241378784,
   0.6044785976409912,
   0.6021987199783325,
   0.5885008573532104,
   0.5901709794998169,
   0.5895212292671204,
   0.5901091694831848,
   0.5907527208328247,
   0.5912482738494873,
   0.5935922861099243,
   0.5933194756507874,
   0.5920507311820984,
   0.5965733528137207,
   0.6022282838821411,
   0.5972963571548462,
   0.6035537719726562,
   0.5932668447494507,
   0.5893023610115051,
   0.5934637784957886,
   0.5918310880661011,
   0.5960604548454285,
   0.5960097908973694,
   0.596517026424408,
   0.6020463705062866,
   0.5907554030418396,
   0.5911254286766052,
   0.5911024808883667,
   0.5900132060050964,
   0.5968066453933716,
   0.6014572381973267,
   0.586187481880188,
   0.5854567289352417,
   0.5943592190742493,
   0.596868097782135,
   0.6014916896820068,
   0.6018324494361877,
   0.5946748852729797,
   0.5924764275550842,
   0.5913020968437195,
   0.597029983997345,
   0.5875528454780579,
   0.5875767469406128,
   0.585300862789154,
   0.5886265635490417,
   0.5990181565284729,
   0.5948572754859924,
   0.5884392857551575,
   0.5886807441711426
  ]
 }
}