{
 "tag": "cls_transformer_annotated_s0",
 "task": "cls",
 "arch": "transformer",
 "input": "annotated",
 "aug": false,
 "seed": 0,
 "best_epoch": 4,
 "epochs_run": 19,
 "minutes": 0.45375913778940835,
 "test": {
  "roc_auc": 0.6791666666666667,
  "pr_auc": 0.2990622655663916,
  "sens": 0.6,
  "spec": 0.7708333333333334,
  "bal_acc": 0.6854166666666667,
  "cm": [
   37,
   11,
   2,
   3
  ],
  "thr": 0.6545091271400452
 },
 "test_pred": {
  "y": [
   0,
   1,
   0,
   0,
   0,
   0,
   0,
   0,
   0,
   0,
   0,
   0,
   0,
   0,
   0,
   0,
   1,
   0,
   0,
   0,
   0,
   0,
   0,
   0,
   0,
   0,
   0,
   0,
   0,
   0,
   0,
   0,
   0,
   0,
   0,
   0,
   0,
   0,
   1,
   1,
   1,
   0,
   0,
   0,
   0,
   0,
   0,
   0,
   0,
   0,
   0,
   0,
   0
  ],
  "p": [
   0.6474159359931946,
   0.6574156284332275,
   0.6573819518089294,
   0.6399070620536804,
   0.6301933526992798,
   0.6621518135070801,
   0.663507878780365,
   0.6600331664085388,
   0.3166612684726715,
   0.633147120475769,
   0.5587608218193054,
   0.612503707408905,
   0.6262297034263611,
   0.6347231268882751,
   0.6533619165420532,
   0.5690056085586548,
   0.3919921815395355,
   0.661250114440918,
   0.6614593863487244,
   0.6587384939193726,
   0.6615234613418579,
   0.645709753036499,
   0.6169323325157166,
   0.6568440198898315,
   0.6369205713272095,
   0.6454107761383057,
   0.5720701813697815,
   0.5932804942131042,
   0.6510072946548462,
   0.3354550898075104,
   0.35183393955230713,
   0.352571040391922,
   0.3980812132358551,
   0.6516751050949097,
   0.6406955718994141,
   0.3051437437534332,
   0.31812989711761475,
   0.5763719081878662,
   0.6181969046592712,
   0.6626513600349426,
   0.6638287901878357,
   0.663982093334198,
   0.6080668568611145,
   0.6120096445083618,
   0.6501197218894958,
   0.3146476745605469,
   0.31597861647605896,
   0.582165002822876,
   0.6259833574295044,
   0.6579676270484924,
   0.6335002183914185,
   0.3278457522392273,
   0.3130095303058624
  ]
 }
}