{
 "tag": "cls_transformer_cfp_s0",
 "task": "cls",
 "arch": "transformer",
 "input": "cfp",
 "aug": false,
 "seed": 0,
 "best_epoch": 26,
 "epochs_run": 41,
 "minutes": 2.2761810064315795,
 "test": {
  "roc_auc": 0.6666666666666666,
  "pr_auc": 0.17593569844789358,
  "sens": 0.6,
  "spec": 0.8333333333333334,
  "bal_acc": 0.7166666666666667,
  "cm": [
   40,
   8,
   2,
   3
  ],
  "thr": 0.6023839712142944
 },
 "test_pred": {
  "y": [
   0,
   1,
   0,
   0,
   0,
   0,
   0,
   0,
   0,
   0,
   0,
   0,
   0,
   0,
   0,
   0,
   1,
   0,
   0,
   0,
   0,
   0,
   0,
   0,
   0,
   0,
   0,
   0,
   0,
   0,
   0,
   0,
   0,
   0,
   0,
   0,
   0,
   0,
   1,
   1,
   1,
   0,
   0,
   0,
   0,
   0,
   0,
   0,
   0,
   0,
   0,
   0,
   0
  ],
  "p": [
   0.5500348806381226,
   0.6044816374778748,
   0.5833253264427185,
   0.5854969620704651,
   0.587457001209259,
   0.6120502948760986,
   0.6124040484428406,
   0.6099622249603271,
   0.54787278175354,
   0.5799059867858887,
   0.5659219622612,
   0.5638911128044128,
   0.573223888874054,
   0.5786514282226562,
   0.5842199921607971,
   0.5612935423851013,
   0.554843008518219,
   0.5722160339355469,
   0.6103101372718811,
   0.5913764238357544,
   0.6111404299736023,
   0.5920336842536926,
   0.5663017630577087,
   0.5845723152160645,
   0.5843095183372498,
   0.5957815647125244,
   0.5814154744148254,
   0.584464967250824,
   0.6103624701499939,
   0.552284300327301,
   0.555580735206604,
   0.5539983510971069,
   0.555311381816864,
   0.5889471769332886,
   0.6098883748054504,
   0.5375677943229675,
   0.535011887550354,
   0.580511212348938,
   0.5829780101776123,
   0.6026696562767029,
   0.609370768070221,
   0.580650269985199,
   0.568359911441803,
   0.5769422650337219,
   0.5957699418067932,
   0.547589123249054,
   0.5434792637825012,
   0.5342963337898254,
   0.5483580827713013,
   0.6052151918411255,
   0.5832155346870422,
   0.5443381667137146,
   0.5428460240364075
  ]
 }
}