{
 "tag": "cls_hybrid_annotated_s0",
 "task": "cls",
 "arch": "hybrid",
 "input": "annotated",
 "aug": false,
 "seed": 0,
 "best_epoch": 3,
 "epochs_run": 18,
 "minutes": 0.49415558179219565,
 "test": {
  "roc_auc": 0.5166666666666666,
  "pr_auc": 0.1303981732553161,
  "sens": 0.6,
  "spec": 0.7708333333333334,
  "bal_acc": 0.6854166666666667,
  "cm": [
   37,
   11,
   2,
   3
  ],
  "thr": 0.21312929689884186
 },
 "test_pred": {
  "y": [
   0,
   1,
   0,
   0,
   0,
   0,
   0,
   0,
   0,
   0,
   0,
   0,
   0,
   0,
   0,
   0,
   1,
   0,
   0,
   0,
   0,
   0,
   0,
   0,
   0,
   0,
   0,
   0,
   0,
   0,
   0,
   0,
   0,
   0,
   0,
   0,
   0,
   0,
   1,
   1,
   1,
   0,
   0,
   0,
   0,
   0,
   0,
   0,
   0,
   0,
   0,
   0,
   0
  ],
  "p": [
   0.21035274863243103,
   0.21978813409805298,
   0.27268186211586,
   0.19607886672019958,
   0.19553054869174957,
   0.18952544033527374,
   0.19582806527614594,
   0.2501642405986786,
   0.22243039309978485,
   0.1898079812526703,
   0.16288822889328003,
   0.2259511649608612,
   0.1772383600473404,
   0.2296716868877411,
   0.18904142081737518,
   0.20397311449050903,
   0.21368712186813354,
   0.2647787034511566,
   0.23717524111270905,
   0.375718355178833,
   0.18721985816955566,
   0.20697863399982452,
   0.16281428933143616,
   0.24395155906677246,
   0.2045356035232544,
   0.2097122073173523,
   0.23151446878910065,
   0.18158689141273499,
   0.1916053146123886,
   0.1830071210861206,
   0.17746660113334656,
   0.18204297125339508,
   0.18648391962051392,
   0.2023538500070572,
   0.18223939836025238,
   0.1914626955986023,
   0.19512712955474854,
   0.21724286675453186,
   0.1744258552789688,
   0.2139841765165329,
   0.178707554936409,
   0.2088633030653,
   0.19433800876140594,
   0.18523544073104858,
   0.1711772084236145,
   0.20261181890964508,
   0.20683638751506805,
   0.17809544503688812,
   0.202372744679451,
   0.18524277210235596,
   0.17238306999206543,
   0.1860683560371399,
   0.178610697388649
  ]
 }
}