{
 "tag": "cls_hybrid_cfp_aug_s2",
 "task": "cls",
 "arch": "hybrid",
 "input": "cfp",
 "aug": true,
 "seed": 2,
 "best_epoch": 1,
 "epochs_run": 16,
 "minutes": 1.0209919452667235,
 "test": {
  "roc_auc": 0.6,
  "pr_auc": 0.14863807760866585,
  "sens": 0.0,
  "spec": 1.0,
  "bal_acc": 0.5,
  "cm": [
   48,
   0,
   5,
   0
  ],
  "thr": 0.6786720752716064
 },
 "test_pred": {
  "y": [
   0,
   1,
   0,
   0,
   0,
   0,
   0,
   0,
   0,
   0,
   0,
   0,
   0,
   0,
   0,
   0,
   1,
   0,
   0,
   0,
   0,
   0,
   0,
   0,
   0,
   0,
   0,
   0,
   0,
   0,
   0,
   0,
   0,
   0,
   0,
   0,
   0,
   0,
   1,
   1,
   1,
   0,
   0,
   0,
   0,
   0,
   0,
   0,
   0,
   0,
   0,
   0,
   0
  ],
  "p": [
   0.30734783411026,
   0.4702245593070984,
   0.5082934498786926,
   0.310992956161499,
   0.30215656757354736,
   0.48290330171585083,
   0.6124509572982788,
   0.5551771521568298,
   0.27906832098960876,
   0.33566009998321533,
   0.3263363838195801,
   0.302390992641449,
   0.2931252419948578,
   0.28653600811958313,
   0.2670922875404358,
   0.5859465003013611,
   0.38122108578681946,
   0.47023439407348633,
   0.394098162651062,
   0.4352470934391022,
   0.6203019022941589,
   0.4745706617832184,
   0.34066206216812134,
   0.4205699861049652,
   0.26138392090797424,
   0.355112761259079,
   0.47640493512153625,
   0.6272154450416565,
   0.237370103597641,
   0.2876645624637604,
   0.26047465205192566,
   0.296705961227417,
   0.2979297637939453,
   0.28126195073127747,
   0.33095476031303406,
   0.2854546010494232,
   0.2598395049571991,
   0.3176550269126892,
   0.2459259331226349,
   0.38854581117630005,
   0.3772684335708618,
   0.2962791323661804,
   0.3532905876636505,
   0.3098546266555786,
   0.29197487235069275,
   0.28740110993385315,
   0.2957634925842285,
   0.30680105090141296,
   0.26920294761657715,
   0.3266070783138275,
   0.3461526334285736,
   0.32851147651672363,
   0.2495291531085968
  ]
 }
}