{
 "tag": "cls_hybrid_roi_s0",
 "task": "cls",
 "arch": "hybrid",
 "input": "roi",
 "aug": false,
 "seed": 0,
 "best_epoch": 52,
 "epochs_run": 67,
 "minutes": 2.091899792353312,
 "test": {
  "roc_auc": 0.38333333333333336,
  "pr_auc": 0.09348670098670099,
  "sens": 0.2,
  "spec": 0.7291666666666666,
  "bal_acc": 0.46458333333333335,
  "cm": [
   35,
   13,
   4,
   1
  ],
  "thr": 0.05457884445786476
 },
 "test_pred": {
  "y": [
   0,
   1,
   0,
   0,
   0,
   0,
   0,
   0,
   0,
   0,
   0,
   0,
   0,
   0,
   0,
   0,
   1,
   0,
   0,
   0,
   0,
   0,
   0,
   0,
   0,
   0,
   0,
   0,
   0,
   0,
   0,
   0,
   0,
   0,
   0,
   0,
   0,
   0,
   1,
   1,
   1,
   0,
   0,
   0,
   0,
   0,
   0,
   0,
   0,
   0,
   0,
   0,
   0
  ],
  "p": [
   0.048493336886167526,
   0.019047504290938377,
   0.032334476709365845,
   0.038017455488443375,
   0.06435782462358475,
   0.04858889803290367,
   0.14132972061634064,
   0.08364653587341309,
   0.02877960167825222,
   0.030263226479291916,
   0.051424697041511536,
   0.02405437082052231,
   0.060243938118219376,
   0.04006822779774666,
   0.07117202132940292,
   0.037370964884757996,
   0.06032339483499527,
   0.03179216757416725,
   0.031085088849067688,
   0.02254038117825985,
   0.024073347449302673,
   0.033520352095365524,
   0.048115961253643036,
   0.024273276329040527,
   0.09431573003530502,
   0.06207194924354553,
   0.02371189184486866,
   0.01883142627775669,
   0.03699584677815437,
   0.02547542192041874,
   0.0313926637172699,
   0.02640049159526825,
   0.025306252762675285,
   0.025532696396112442,
   0.024192925542593002,
   0.06972332298755646,
   0.045903075486421585,
   0.018813174217939377,
   0.02902083285152912,
   0.03099283203482628,
   0.028097614645957947,
   0.057949457317590714,
   0.05930657312273979,
   0.041485272347927094,
   0.028044255450367928,
   0.014177616685628891,
   0.02923368476331234,
   0.05752662196755409,
   0.07029159367084503,
   0.035191621631383896,
   0.055714234709739685,
   0.03777721896767616,
   0.02672996185719967
  ]
 }
}