{
 "tag": "cls_resnet_cfp_s1",
 "task": "cls",
 "arch": "resnet",
 "input": "cfp",
 "aug": false,
 "seed": 1,
 "best_epoch": 24,
 "epochs_run": 39,
 "minutes": 1.9218429446220398,
 "test": {
  "roc_auc": 0.5083333333333333,
  "pr_auc": 0.11546464646464646,
  "sens": 0.0,
  "spec": 0.9583333333333334,
  "bal_acc": 0.4791666666666667,
  "cm": [
   46,
   2,
   5,
   0
  ],
  "thr": 0.3348650634288788
 },
 "test_pred": {
  "y": [
   0,
   1,
   0,
   0,
   0,
   0,
   0,
   0,
   0,
   0,
   0,
   0,
   0,
   0,
   0,
   0,
   1,
   0,
   0,
   0,
   0,
   0,
   0,
   0,
   0,
   0,
   0,
   0,
   0,
   0,
   0,
   0,
   0,
   0,
   0,
   0,
   0,
   0,
   1,
   1,
   1,
   0,
   0,
   0,
   0,
   0,
   0,
   0,
   0,
   0,
   0,
   0,
   0
  ],
  "p": [
   0.1957567185163498,
   0.090825654566288,
   0.26638421416282654,
   0.01873953640460968,
   0.018607793375849724,
   0.1581728458404541,
   0.2882685661315918,
   0.1448407620191574,
   0.027085546404123306,
   0.09949565678834915,
   0.014980225823819637,
   0.020640011876821518,
   0.02435019612312317,
   0.057426538318395615,
   0.06525740027427673,
   0.029758790507912636,
   0.03742936626076698,
   0.4109175205230713,
   0.2192227989435196,
   0.036692917346954346,
   0.3353061079978943,
   0.008950737304985523,
   0.13543058931827545,
   0.07547155767679214,
   0.020030273124575615,
   0.0488591194152832,
   0.012634143233299255,
   0.013806989416480064,
   0.04394418001174927,
   0.016550865024328232,
   0.048955127596855164,
   0.006054071709513664,
   0.016352441161870956,
   0.03148803859949112,
   0.10730505734682083,
   0.06189558282494545,
   0.12141557782888412,
   0.02433781512081623,
   0.009353632107377052,
   0.02571101486682892,
   0.1497551053762436,
   0.08689018338918686,
   0.02103172056376934,
   0.026239007711410522,
   0.014428493566811085,
   0.006844020914286375,
   0.01941511034965515,
   0.22419631481170654,
   0.03006676211953163,
   0.01846254989504814,
   0.11799145489931107,
   0.02272786572575569,
   0.02583323046565056
  ]
 }
}