{
 "tag": "cls_transformer_annotated_s2",
 "task": "cls",
 "arch": "transformer",
 "input": "annotated",
 "aug": false,
 "seed": 2,
 "best_epoch": 14,
 "epochs_run": 29,
 "minutes": 0.6994354406992594,
 "test": {
  "roc_auc": 0.6333333333333333,
  "pr_auc": 0.180672268907563,
  "sens": 0.4,
  "spec": 0.8958333333333334,
  "bal_acc": 0.6479166666666667,
  "cm": [
   43,
   5,
   3,
   2
  ],
  "thr": 0.6421940326690674
 },
 "test_pred": {
  "y": [
   0,
   1,
   0,
   0,
   0,
   0,
   0,
   0,
   0,
   0,
   0,
   0,
   0,
   0,
   0,
   0,
   1,
   0,
   0,
   0,
   0,
   0,
   0,
   0,
   0,
   0,
   0,
   0,
   0,
   0,
   0,
   0,
   0,
   0,
   0,
   0,
   0,
   0,
   1,
   1,
   1,
   0,
   0,
   0,
   0,
   0,
   0,
   0,
   0,
   0,
   0,
   0,
   0
  ],
  "p": [
   0.6702116131782532,
   0.6145412921905518,
   0.6649390459060669,
   0.461096853017807,
   0.4071519672870636,
   0.6372838616371155,
   0.6063851714134216,
   0.6115386486053467,
   0.14125794172286987,
   0.5607625842094421,
   0.28957486152648926,
   0.3987187147140503,
   0.48988112807273865,
   0.516200065612793,
   0.6676647067070007,
   0.23226431012153625,
   0.19423364102840424,
   0.6154525876045227,
   0.6166903972625732,
   0.6647009253501892,
   0.6101848483085632,
   0.4738704562187195,
   0.3042536973953247,
   0.6270276308059692,
   0.4602791368961334,
   0.625519335269928,
   0.24126912653446198,
   0.26073476672172546,
   0.5537089705467224,
   0.14609591662883759,
   0.16133306920528412,
   0.15337063372135162,
   0.17185929417610168,
   0.634921669960022,
   0.5405673384666443,
   0.1496058702468872,
   0.17688047885894775,
   0.2500370144844055,
   0.3672772943973541,
   0.6591534614562988,
   0.6601040959358215,
   0.6605846285820007,
   0.427112877368927,
   0.2969962954521179,
   0.5412449240684509,
   0.14335913956165314,
   0.15771415829658508,
   0.37911227345466614,
   0.5606260895729065,
   0.6030496954917908,
   0.395974725484848,
   0.1640349179506302,
   0.1474636197090149
  ]
 }
}