{
 "tag": "cls_full_hybrid_roi_s1",
 "task": "cls",
 "arch": "full_hybrid",
 "input": "roi",
 "aug": false,
 "seed": 1,
 "best_epoch": 9,
 "epochs_run": 24,
 "minutes": 0.7471557060877482,
 "test": {
  "roc_auc": 0.5583333333333333,
  "pr_auc": 0.11902345386011447,
  "sens": 0.0,
  "spec": 0.9791666666666666,
  "bal_acc": 0.4895833333333333,
  "cm": [
   47,
   1,
   5,
   0
  ],
  "thr": 0.19247150421142578
 },
 "test_pred": {
  "y": [
   0,
   1,
   0,
   0,
   0,
   0,
   0,
   0,
   0,
   0,
   0,
   0,
   0,
   0,
   0,
   0,
   1,
   0,
   0,
   0,
   0,
   0,
   0,
   0,
   0,
   0,
   0,
   0,
   0,
   0,
   0,
   0,
   0,
   0,
   0,
   0,
   0,
   0,
   1,
   1,
   1,
   0,
   0,
   0,
   0,
   0,
   0,
   0,
   0,
   0,
   0,
   0,
   0
  ],
  "p": [
   0.12512041628360748,
   0.12585005164146423,
   0.1275547593832016,
   0.12792006134986877,
   0.1206628754734993,
   0.1524209827184677,
   0.8759691119194031,
   0.1780848354101181,
   0.11435138434171677,
   0.12115133553743362,
   0.11992823332548141,
   0.14098526537418365,
   0.12054052203893661,
   0.1288374960422516,
   0.12347239255905151,
   0.12538856267929077,
   0.11995479464530945,
   0.14198315143585205,
   0.1338367760181427,
   0.13929913938045502,
   0.16678819060325623,
   0.12849560379981995,
   0.11889941245317459,
   0.12817248702049255,
   0.11843296885490417,
   0.11991556733846664,
   0.12499497830867767,
   0.1252821683883667,
   0.12390840798616409,
   0.12385153770446777,
   0.12374316155910492,
   0.12202078849077225,
   0.11673536896705627,
   0.12949465215206146,
   0.1409267634153366,
   0.11397921293973923,
   0.11393514275550842,
   0.12135884910821915,
   0.1238274946808815,
   0.129159078001976,
   0.1261047124862671,
   0.14059609174728394,
   0.11986968666315079,
   0.11989262700080872,
   0.12126215547323227,
   0.12498986721038818,
   0.11584999412298203,
   0.1241365596652031,
   0.11779702454805374,
   0.12086660414934158,
   0.13495023548603058,
   0.12018674612045288,
   0.11428666114807129
  ]
 }
}