{
 "tag": "cls_transformer_cfp_aug_s0",
 "task": "cls",
 "arch": "transformer",
 "input": "cfp",
 "aug": true,
 "seed": 0,
 "best_epoch": 35,
 "epochs_run": 50,
 "minutes": 3.085017768541972,
 "test": {
  "roc_auc": 0.8208333333333334,
  "pr_auc": 0.244972804972805,
  "sens": 1.0,
  "spec": 0.625,
  "bal_acc": 0.8125,
  "cm": [
   30,
   18,
   0,
   5
  ],
  "thr": 0.5964109301567078
 },
 "test_pred": {
  "y": [
   0,
   1,
   0,
   0,
   0,
   0,
   0,
   0,
   0,
   0,
   0,
   0,
   0,
   0,
   0,
   0,
   1,
   0,
   0,
   0,
   0,
   0,
   0,
   0,
   0,
   0,
   0,
   0,
   0,
   0,
   0,
   0,
   0,
   0,
   0,
   0,
   0,
   0,
   1,
   1,
   1,
   0,
   0,
   0,
   0,
   0,
   0,
   0,
   0,
   0,
   0,
   0,
   0
  ],
  "p": [
   0.5962186455726624,
   0.5966171622276306,
   0.5964339375495911,
   0.5962308645248413,
   0.5963044166564941,
   0.5966412425041199,
   0.5966629385948181,
   0.5966116786003113,
   0.5963085889816284,
   0.5962608456611633,
   0.5962109565734863,
   0.5964065194129944,
   0.596489667892456,
   0.5962750315666199,
   0.5962730050086975,
   0.5965012907981873,
   0.5965165495872498,
   0.5963976383209229,
   0.5964643359184265,
   0.5963796377182007,
   0.5966371893882751,
   0.5963153839111328,
   0.5962307453155518,
   0.5961971879005432,
   0.5963534116744995,
   0.5965675115585327,
   0.5965105295181274,
   0.5965278148651123,
   0.5964838862419128,
   0.5963020920753479,
   0.5962957739830017,
   0.5963045954704285,
   0.5963070392608643,
   0.596427321434021,
   0.5964152812957764,
   0.5962640643119812,
   0.5963965058326721,
   0.596410870552063,
   0.5964734554290771,
   0.596533477306366,
   0.5965526700019836,
   0.5963074564933777,
   0.5963190197944641,
   0.5962331891059875,
   0.5964005589485168,
   0.5961786508560181,
   0.5962845683097839,
   0.5966938734054565,
   0.5964021682739258,
   0.5963887572288513,
   0.596423327922821,
   0.596569299697876,
   0.596695601940155
  ]
 }
}