{
 "tag": "cls_transformer_roi_s0",
 "task": "cls",
 "arch": "transformer",
 "input": "roi",
 "aug": false,
 "seed": 0,
 "best_epoch": 9,
 "epochs_run": 24,
 "minutes": 0.6168976147969564,
 "test": {
  "roc_auc": 0.5791666666666666,
  "pr_auc": 0.12696856520385932,
  "sens": 0.0,
  "spec": 0.9791666666666666,
  "bal_acc": 0.4895833333333333,
  "cm": [
   47,
   1,
   5,
   0
  ],
  "thr": 0.7004020810127258
 },
 "test_pred": {
  "y": [
   0,
   1,
   0,
   0,
   0,
   0,
   0,
   0,
   0,
   0,
   0,
   0,
   0,
   0,
   0,
   0,
   1,
   0,
   0,
   0,
   0,
   0,
   0,
   0,
   0,
   0,
   0,
   0,
   0,
   0,
   0,
   0,
   0,
   0,
   0,
   0,
   0,
   0,
   1,
   1,
   1,
   0,
   0,
   0,
   0,
   0,
   0,
   0,
   0,
   0,
   0,
   0,
   0
  ],
  "p": [
   0.6245559453964233,
   0.5434399247169495,
   0.6382375955581665,
   0.4786528944969177,
   0.44756975769996643,
   0.4492114782333374,
   0.4288809895515442,
   0.5425382256507874,
   0.3151054084300995,
   0.48517292737960815,
   0.3660999536514282,
   0.4219706356525421,
   0.4933941662311554,
   0.46293967962265015,
   0.6448649168014526,
   0.3730926215648651,
   0.3503232002258301,
   0.6608685851097107,
   0.7146530747413635,
   0.6673493385314941,
   0.46168509125709534,
   0.602718710899353,
   0.40493062138557434,
   0.663918673992157,
   0.481026828289032,
   0.6277680993080139,
   0.42292454838752747,
   0.3966653048992157,
   0.586776077747345,
   0.3205968141555786,
   0.324892520904541,
   0.32854199409484863,
   0.33162733912467957,
   0.627140462398529,
   0.5596204400062561,
   0.31151068210601807,
   0.320494681596756,
   0.43838566541671753,
   0.46219882369041443,
   0.6325877904891968,
   0.5014697313308716,
   0.6327006816864014,
   0.3957916498184204,
   0.3925167918205261,
   0.6453037261962891,
   0.31124410033226013,
   0.3138999938964844,
   0.411319762468338,
   0.5047428011894226,
   0.6656680107116699,
   0.47159770131111145,
   0.32227450609207153,
   0.31567588448524475
  ]
 }
}