{
 "tag": "cls_hybrid_cfp_s0",
 "task": "cls",
 "arch": "hybrid",
 "input": "cfp",
 "aug": false,
 "seed": 0,
 "best_epoch": 7,
 "epochs_run": 22,
 "minutes": 1.2762272636095682,
 "test": {
  "roc_auc": 0.6125,
  "pr_auc": 0.140344659856855,
  "sens": 0.0,
  "spec": 0.875,
  "bal_acc": 0.4375,
  "cm": [
   42,
   6,
   5,
   0
  ],
  "thr": 0.12634287774562836
 },
 "test_pred": {
  "y": [
   0,
   1,
   0,
   0,
   0,
   0,
   0,
   0,
   0,
   0,
   0,
   0,
   0,
   0,
   0,
   0,
   1,
   0,
   0,
   0,
   0,
   0,
   0,
   0,
   0,
   0,
   0,
   0,
   0,
   0,
   0,
   0,
   0,
   0,
   0,
   0,
   0,
   0,
   1,
   1,
   1,
   0,
   0,
   0,
   0,
   0,
   0,
   0,
   0,
   0,
   0,
   0,
   0
  ],
  "p": [
   0.12660172581672668,
   0.10904703289270401,
   0.2437974065542221,
   0.10358348488807678,
   0.1062440276145935,
   0.10672995448112488,
   0.11158338189125061,
   0.12822222709655762,
   0.09522069990634918,
   0.12004979699850082,
   0.1024947464466095,
   0.10542549192905426,
   0.11513438075780869,
   0.1014207974076271,
   0.11837688833475113,
   0.10643225908279419,
   0.12271484732627869,
   0.12167935073375702,
   0.1433895230293274,
   0.10658441483974457,
   0.1253790706396103,
   0.10644067078828812,
   0.1211056113243103,
   0.12806425988674164,
   0.10589428246021271,
   0.11662676930427551,
   0.1063687801361084,
   0.12496685236692429,
   0.10892853885889053,
   0.1008736714720726,
   0.11207056045532227,
   0.1030210331082344,
   0.1130363717675209,
   0.10607955604791641,
   0.10372992604970932,
   0.10964570194482803,
   0.10506796091794968,
   0.11412327736616135,
   0.11875321716070175,
   0.10454735904932022,
   0.11304605007171631,
   0.10391439497470856,
   0.10485474020242691,
   0.10157819092273712,
   0.11046044528484344,
   0.11119412630796432,
   0.16248419880867004,
   0.10767906159162521,
   0.11076025664806366,
   0.10287615656852722,
   0.11071626842021942,
   0.09773481637239456,
   0.0953555703163147
  ]
 }
}