{
 "tag": "cls_resnet_roi_s2",
 "task": "cls",
 "arch": "resnet",
 "input": "roi",
 "aug": false,
 "seed": 2,
 "best_epoch": 7,
 "epochs_run": 22,
 "minutes": 0.3720857540766398,
 "test": {
  "roc_auc": 0.5708333333333333,
  "pr_auc": 0.29555656550354326,
  "sens": 0.0,
  "spec": 1.0,
  "bal_acc": 0.5,
  "cm": [
   48,
   0,
   5,
   0
  ],
  "thr": 0.33002880215644836
 },
 "test_pred": {
  "y": [
   0,
   1,
   0,
   0,
   0,
   0,
   0,
   0,
   0,
   0,
   0,
   0,
   0,
   0,
   0,
   0,
   1,
   0,
   0,
   0,
   0,
   0,
   0,
   0,
   0,
   0,
   0,
   0,
   0,
   0,
   0,
   0,
   0,
   0,
   0,
   0,
   0,
   0,
   1,
   1,
   1,
   0,
   0,
   0,
   0,
   0,
   0,
   0,
   0,
   0,
   0,
   0,
   0
  ],
  "p": [
   0.19803164899349213,
   0.0814337357878685,
   0.005520378239452839,
   0.019605964422225952,
   0.07300669699907303,
   0.10792993754148483,
   0.30359289050102234,
   0.1971464306116104,
   0.009410695172846317,
   0.021560484543442726,
   0.004203096032142639,
   0.04098815470933914,
   0.005891059525310993,
   0.22573941946029663,
   0.1014370545744896,
   0.20479422807693481,
   0.3296668231487274,
   0.06914278864860535,
   0.06683161109685898,
   0.14215242862701416,
   0.011040642857551575,
   0.08136135339736938,
   0.08710762858390808,
   0.2131369411945343,
   0.08772986382246017,
   0.10116828978061676,
   0.05705467239022255,
   0.03267834335565567,
   0.10240060836076736,
   0.007252505049109459,
   0.0331563763320446,
   0.0895346850156784,
   0.040880702435970306,
   0.03252372890710831,
   0.17473667860031128,
   0.02123827300965786,
   0.0229337215423584,
   0.11166389286518097,
   0.02984917350113392,
   0.04077225178480148,
   0.09101612120866776,
   0.12952692806720734,
   0.13361498713493347,
   0.03106166608631611,
   0.038885440677404404,
   0.08683432638645172,
   0.13543179631233215,
   0.06560971587896347,
   0.06515324115753174,
   0.029416052624583244,
   0.052835337817668915,
   0.007927547208964825,
   0.041119467467069626
  ]
 }
}