{
 "tag": "cls_hybrid_annotated_s1",
 "task": "cls",
 "arch": "hybrid",
 "input": "annotated",
 "aug": false,
 "seed": 1,
 "best_epoch": 5,
 "epochs_run": 20,
 "minutes": 0.6138761083285014,
 "test": {
  "roc_auc": 0.6499999999999999,
  "pr_auc": 0.19277777777777777,
  "sens": 0.0,
  "spec": 0.9791666666666666,
  "bal_acc": 0.4895833333333333,
  "cm": [
   47,
   1,
   5,
   0
  ],
  "thr": 0.0903272032737732
 },
 "test_pred": {
  "y": [
   0,
   1,
   0,
   0,
   0,
   0,
   0,
   0,
   0,
   0,
   0,
   0,
   0,
   0,
   0,
   0,
   1,
   0,
   0,
   0,
   0,
   0,
   0,
   0,
   0,
   0,
   0,
   0,
   0,
   0,
   0,
   0,
   0,
   0,
   0,
   0,
   0,
   0,
   1,
   1,
   1,
   0,
   0,
   0,
   0,
   0,
   0,
   0,
   0,
   0,
   0,
   0,
   0
  ],
  "p": [
   0.04645374417304993,
   0.04410877451300621,
   0.06767258048057556,
   0.03623610734939575,
   0.03841591998934746,
   0.056038741022348404,
   0.057738907635211945,
   0.07581853866577148,
   0.033618200570344925,
   0.030089497566223145,
   0.03659091517329216,
   0.03893569856882095,
   0.047160372138023376,
   0.03341701999306679,
   0.04715723916888237,
   0.0804847776889801,
   0.08267997950315475,
   0.055217642337083817,
   0.053976237773895264,
   0.04688412696123123,
   0.05631055310368538,
   0.05768948420882225,
   0.03878678008913994,
   0.0655844658613205,
   0.03556676581501961,
   0.047308433800935745,
   0.05918306112289429,
   0.07015421241521835,
   0.08269180357456207,
   0.0502183623611927,
   0.048709653317928314,
   0.04002278298139572,
   0.04936132952570915,
   0.03506975248456001,
   0.0988939180970192,
   0.03541043773293495,
   0.0298453401774168,
   0.05966626852750778,
   0.05713431164622307,
   0.04051199182868004,
   0.06636969745159149,
   0.0416460782289505,
   0.060121484100818634,
   0.038097601383924484,
   0.04363001883029938,
   0.07473479211330414,
   0.06308327615261078,
   0.04610120877623558,
   0.03699702024459839,
   0.034589409828186035,
   0.04139294847846031,
   0.035412732511758804,
   0.07045270502567291
  ]
 }
}