{
 "tag": "cls_full_hybrid_cfp_aug_s0",
 "task": "cls",
 "arch": "full_hybrid",
 "input": "cfp",
 "aug": true,
 "seed": 0,
 "best_epoch": 3,
 "epochs_run": 18,
 "minutes": 1.160363256931305,
 "test": {
  "roc_auc": 0.7625000000000001,
  "pr_auc": 0.19624075271134095,
  "sens": 0.0,
  "spec": 0.9583333333333334,
  "bal_acc": 0.4791666666666667,
  "cm": [
   46,
   2,
   5,
   0
  ],
  "thr": 0.6125558614730835
 },
 "test_pred": {
  "y": [
   0,
   1,
   0,
   0,
   0,
   0,
   0,
   0,
   0,
   0,
   0,
   0,
   0,
   0,
   0,
   0,
   1,
   0,
   0,
   0,
   0,
   0,
   0,
   0,
   0,
   0,
   0,
   0,
   0,
   0,
   0,
   0,
   0,
   0,
   0,
   0,
   0,
   0,
   1,
   1,
   1,
   0,
   0,
   0,
   0,
   0,
   0,
   0,
   0,
   0,
   0,
   0,
   0
  ],
  "p": [
   0.6113232374191284,
   0.6123405694961548,
   0.6121019124984741,
   0.6120744943618774,
   0.6121484041213989,
   0.6126722693443298,
   0.6127368807792664,
   0.6122825145721436,
   0.6118103861808777,
   0.6118758320808411,
   0.6118779182434082,
   0.6119642853736877,
   0.611911952495575,
   0.6120051145553589,
   0.6121386885643005,
   0.6123538017272949,
   0.6122220158576965,
   0.6120771765708923,
   0.6123169660568237,
   0.6121680736541748,
   0.6124849319458008,
   0.6120330095291138,
   0.6118695735931396,
   0.6117762327194214,
   0.6118919849395752,
   0.6118968725204468,
   0.6124550104141235,
   0.6124462485313416,
   0.6123715043067932,
   0.6120690107345581,
   0.6120402812957764,
   0.6120443940162659,
   0.6119698882102966,
   0.6123698949813843,
   0.6122758984565735,
   0.6114212274551392,
   0.61131751537323,
   0.6123073101043701,
   0.6122636198997498,
   0.6122860908508301,
   0.6122928261756897,
   0.6120991706848145,
   0.6121156811714172,
   0.6120542883872986,
   0.6121990084648132,
   0.6116857528686523,
   0.6116793751716614,
   0.6112189292907715,
   0.6117192506790161,
   0.6120319366455078,
   0.6123843789100647,
   0.6118568181991577,
   0.6118648052215576
  ]
 }
}