{
 "tag": "cls_full_hybrid_annotated_s1",
 "task": "cls",
 "arch": "full_hybrid",
 "input": "annotated",
 "aug": false,
 "seed": 1,
 "best_epoch": 2,
 "epochs_run": 17,
 "minutes": 0.49009813865025836,
 "test": {
  "roc_auc": 0.6791666666666667,
  "pr_auc": 0.20224292615596964,
  "sens": 0.6,
  "spec": 0.8333333333333334,
  "bal_acc": 0.7166666666666667,
  "cm": [
   40,
   8,
   2,
   3
  ],
  "thr": 0.6237892508506775
 },
 "test_pred": {
  "y": [
   0,
   1,
   0,
   0,
   0,
   0,
   0,
   0,
   0,
   0,
   0,
   0,
   0,
   0,
   0,
   0,
   1,
   0,
   0,
   0,
   0,
   0,
   0,
   0,
   0,
   0,
   0,
   0,
   0,
   0,
   0,
   0,
   0,
   0,
   0,
   0,
   0,
   0,
   1,
   1,
   1,
   0,
   0,
   0,
   0,
   0,
   0,
   0,
   0,
   0,
   0,
   0,
   0
  ],
  "p": [
   0.6210318803787231,
   0.6245457530021667,
   0.6228187680244446,
   0.6228836178779602,
   0.622911274433136,
   0.6254839301109314,
   0.6255502700805664,
   0.6253811120986938,
   0.6180124282836914,
   0.6224943399429321,
   0.6210720539093018,
   0.620948076248169,
   0.6216012239456177,
   0.622712254524231,
   0.6233856678009033,
   0.6201499104499817,
   0.6189463138580322,
   0.6254031658172607,
   0.6252596378326416,
   0.6236283779144287,
   0.6255152225494385,
   0.6234450936317444,
   0.6216732859611511,
   0.6226906180381775,
   0.6223021149635315,
   0.622785747051239,
   0.6225818395614624,
   0.622837245464325,
   0.6236913204193115,
   0.6198514103889465,
   0.62024986743927,
   0.6196876168251038,
   0.6202961206436157,
   0.6239607930183411,
   0.6236708164215088,
   0.6168224215507507,
   0.6166886687278748,
   0.622481107711792,
   0.6228284239768982,
   0.6243799328804016,
   0.6243294477462769,
   0.6233182549476624,
   0.6219314932823181,
   0.6225146055221558,
   0.6239045858383179,
   0.6182503700256348,
   0.6174476742744446,
   0.6182130575180054,
   0.619937539100647,
   0.6236907243728638,
   0.6234118938446045,
   0.6176571249961853,
   0.617106556892395
  ]
 }
}