{
 "tag": "cls_resnet_cfp_aug_s1",
 "task": "cls",
 "arch": "resnet",
 "input": "cfp",
 "aug": true,
 "seed": 1,
 "best_epoch": 5,
 "epochs_run": 20,
 "minutes": 1.1845061540603639,
 "test": {
  "roc_auc": 0.6666666666666667,
  "pr_auc": 0.15064942528735634,
  "sens": 0.0,
  "spec": 0.9166666666666666,
  "bal_acc": 0.4583333333333333,
  "cm": [
   44,
   4,
   5,
   0
  ],
  "thr": 0.44858813285827637
 },
 "test_pred": {
  "y": [
   0,
   1,
   0,
   0,
   0,
   0,
   0,
   0,
   0,
   0,
   0,
   0,
   0,
   0,
   0,
   0,
   1,
   0,
   0,
   0,
   0,
   0,
   0,
   0,
   0,
   0,
   0,
   0,
   0,
   0,
   0,
   0,
   0,
   0,
   0,
   0,
   0,
   0,
   1,
   1,
   1,
   0,
   0,
   0,
   0,
   0,
   0,
   0,
   0,
   0,
   0,
   0,
   0
  ],
  "p": [
   0.3881562054157257,
   0.27829059958457947,
   0.5239464044570923,
   0.11866908520460129,
   0.2205350250005722,
   0.2863307595252991,
   0.49113234877586365,
   0.34180834889411926,
   0.07796189188957214,
   0.0621827132999897,
   0.09942208975553513,
   0.17845791578292847,
   0.24170202016830444,
   0.10386473685503006,
   0.3504006862640381,
   0.031073851510882378,
   0.3539309799671173,
   0.4535093307495117,
   0.4233551323413849,
   0.3027413785457611,
   0.5452489852905273,
   0.059691596776247025,
   0.35072576999664307,
   0.3473517596721649,
   0.12101105600595474,
   0.30222630500793457,
   0.17931528389453888,
   0.42577484250068665,
   0.29896149039268494,
   0.06525272876024246,
   0.15022507309913635,
   0.05571318790316582,
   0.4025839865207672,
   0.16506722569465637,
   0.3151325583457947,
   0.12462059408426285,
   0.24727149307727814,
   0.19643057882785797,
   0.34023961424827576,
   0.2332869917154312,
   0.33830106258392334,
   0.14688795804977417,
   0.30272236466407776,
   0.16481368243694305,
   0.2979857325553894,
   0.13738185167312622,
   0.3741656243801117,
   0.1822279393672943,
   0.2791547477245331,
   0.19080770015716553,
   0.27499833703041077,
   0.025572644546628,
   0.06183497607707977
  ]
 }
}