{
 "tag": "cls_full_hybrid_annotated_s2",
 "task": "cls",
 "arch": "full_hybrid",
 "input": "annotated",
 "aug": false,
 "seed": 2,
 "best_epoch": 2,
 "epochs_run": 17,
 "minutes": 0.47056233485539756,
 "test": {
  "roc_auc": 0.7250000000000001,
  "pr_auc": 0.2513553113553113,
  "sens": 0.6,
  "spec": 0.8125,
  "bal_acc": 0.70625,
  "cm": [
   39,
   9,
   2,
   3
  ],
  "thr": 0.6015393137931824
 },
 "test_pred": {
  "y": [
   0,
   1,
   0,
   0,
   0,
   0,
   0,
   0,
   0,
   0,
   0,
   0,
   0,
   0,
   0,
   0,
   1,
   0,
   0,
   0,
   0,
   0,
   0,
   0,
   0,
   0,
   0,
   0,
   0,
   0,
   0,
   0,
   0,
   0,
   0,
   0,
   0,
   0,
   1,
   1,
   1,
   0,
   0,
   0,
   0,
   0,
   0,
   0,
   0,
   0,
   0,
   0,
   0
  ],
  "p": [
   0.5985460877418518,
   0.6022870540618896,
   0.6005725860595703,
   0.6010412573814392,
   0.601494550704956,
   0.6027654409408569,
   0.6029223203659058,
   0.602909505367279,
   0.592594563961029,
   0.6007729172706604,
   0.5987028479576111,
   0.5983710289001465,
   0.5988546013832092,
   0.6011934876441956,
   0.6014367938041687,
   0.5980021953582764,
   0.5980439186096191,
   0.6019559502601624,
   0.6014389991760254,
   0.6015161871910095,
   0.6030600666999817,
   0.6014310121536255,
   0.6001268625259399,
   0.5991429686546326,
   0.600540041923523,
   0.6006056666374207,
   0.6013548374176025,
   0.6013144850730896,
   0.6018658876419067,
   0.5966799259185791,
   0.5968789458274841,
   0.5960355401039124,
   0.5968965291976929,
   0.6018375754356384,
   0.6017662882804871,
   0.5906834006309509,
   0.5911291241645813,
   0.6006810069084167,
   0.6009978652000427,
   0.602250337600708,
   0.6021650433540344,
   0.6004195213317871,
   0.5997758507728577,
   0.6008360385894775,
   0.6021243333816528,
   0.5934180617332458,
   0.5925073027610779,
   0.5951226353645325,
   0.5969838500022888,
   0.6015071868896484,
   0.6014007329940796,
   0.592132568359375,
   0.5907937288284302
  ]
 }
}