{
 "tag": "cls_resnet_annotated_s1",
 "task": "cls",
 "arch": "resnet",
 "input": "annotated",
 "aug": false,
 "seed": 1,
 "best_epoch": 7,
 "epochs_run": 22,
 "minutes": 0.38039642175038657,
 "test": {
  "roc_auc": 0.31666666666666665,
  "pr_auc": 0.07952127659574468,
  "sens": 0.0,
  "spec": 0.9583333333333334,
  "bal_acc": 0.4791666666666667,
  "cm": [
   46,
   2,
   5,
   0
  ],
  "thr": 0.28286945819854736
 },
 "test_pred": {
  "y": [
   0,
   1,
   0,
   0,
   0,
   0,
   0,
   0,
   0,
   0,
   0,
   0,
   0,
   0,
   0,
   0,
   1,
   0,
   0,
   0,
   0,
   0,
   0,
   0,
   0,
   0,
   0,
   0,
   0,
   0,
   0,
   0,
   0,
   0,
   0,
   0,
   0,
   0,
   1,
   1,
   1,
   0,
   0,
   0,
   0,
   0,
   0,
   0,
   0,
   0,
   0,
   0,
   0
  ],
  "p": [
   0.059424273669719696,
   0.017436208203434944,
   0.008407008834183216,
   0.4506795108318329,
   0.07507067918777466,
   0.019975844770669937,
   0.06210555508732796,
   0.023900240659713745,
   0.1125103309750557,
   0.05101091414690018,
   0.023268915712833405,
   0.03574302792549133,
   0.03377358242869377,
   0.06787572801113129,
   0.08612331002950668,
   0.035847920924425125,
   0.02842043898999691,
   0.06428606808185577,
   0.11658967286348343,
   0.0422203354537487,
   0.014072212390601635,
   0.026556435972452164,
   0.009779386222362518,
   0.21059639751911163,
   0.10027828067541122,
   0.062100376933813095,
   0.035454001277685165,
   0.010275916196405888,
   0.07128195464611053,
   0.028747081756591797,
   0.02058923803269863,
   0.04799690842628479,
   0.05892534181475639,
   0.16789010167121887,
   0.09180590510368347,
   0.05213020369410515,
   0.06563691049814224,
   0.07286380976438522,
   0.015739548951387405,
   0.0653480812907219,
   0.03416208550333977,
   0.3660010099411011,
   0.023841997608542442,
   0.04107360914349556,
   0.00497696828097105,
   0.025173109024763107,
   0.019705262035131454,
   0.08324047178030014,
   0.06183787062764168,
   0.032135095447301865,
   0.017780667170882225,
   0.020833047106862068,
   0.03853987529873848
  ]
 }
}