{
 "tag": "cls_hybrid_cfp_s2",
 "task": "cls",
 "arch": "hybrid",
 "input": "cfp",
 "aug": false,
 "seed": 2,
 "best_epoch": 7,
 "epochs_run": 22,
 "minutes": 1.2655567487080892,
 "test": {
  "roc_auc": 0.4083333333333333,
  "pr_auc": 0.09083943833943833,
  "sens": 0.0,
  "spec": 0.9375,
  "bal_acc": 0.46875,
  "cm": [
   45,
   3,
   5,
   0
  ],
  "thr": 0.18509741127490997
 },
 "test_pred": {
  "y": [
   0,
   1,
   0,
   0,
   0,
   0,
   0,
   0,
   0,
   0,
   0,
   0,
   0,
   0,
   0,
   0,
   1,
   0,
   0,
   0,
   0,
   0,
   0,
   0,
   0,
   0,
   0,
   0,
   0,
   0,
   0,
   0,
   0,
   0,
   0,
   0,
   0,
   0,
   1,
   1,
   1,
   0,
   0,
   0,
   0,
   0,
   0,
   0,
   0,
   0,
   0,
   0,
   0
  ],
  "p": [
   0.1841690093278885,
   0.10657072812318802,
   0.1625152826309204,
   0.0651736930012703,
   0.07617487758398056,
   0.10856850445270538,
   0.15812310576438904,
   0.1947733610868454,
   0.04310425743460655,
   0.07765980809926987,
   0.07782656699419022,
   0.057767368853092194,
   0.07652878761291504,
   0.059120453894138336,
   0.11216143518686295,
   0.05864911153912544,
   0.06371860951185226,
   0.23661525547504425,
   0.23824986815452576,
   0.08859462291002274,
   0.15212060511112213,
   0.07008756697177887,
   0.12986014783382416,
   0.1292259395122528,
   0.06191283464431763,
   0.08253969252109528,
   0.05653434991836548,
   0.13924026489257812,
   0.06485895812511444,
   0.05584307760000229,
   0.04320311173796654,
   0.049850884824991226,
   0.07652727514505386,
   0.1575525403022766,
   0.10349289327859879,
   0.09107933193445206,
   0.08765287697315216,
   0.0618426688015461,
   0.06705781817436218,
   0.0613132081925869,
   0.0634012222290039,
   0.09521079808473587,
   0.09807026386260986,
   0.04016702249646187,
   0.05812561511993408,
   0.05038614198565483,
   0.07516316324472427,
   0.09742993116378784,
   0.13039956986904144,
   0.05768205225467682,
   0.0771554633975029,
   0.031517237424850464,
   0.03554987907409668
  ]
 }
}