{
 "common": [
  "P006_20201016",
  "P027_20230825",
  "P031_20211215",
  "P034_20220104",
  "P040_20240527",
  "P064_20220124",
  "P073_20231204",
  "P094_20211011",
  "P103_20220120"
 ],
 "pred_MS": [
  19.342823028564453,
  16.746586799621582,
  20.51961898803711,
  15.688480854034424,
  20.665093421936035,
  16.291316986083984,
  16.296953201293945,
  15.173741340637207,
  22.28599452972412
 ],
 "img_MS": [
  16.21327549661476,
  24.80133128399715,
  22.425107770972435,
  16.896294845081517,
  29.53008968261389,
  15.446635484620156,
  26.408817963267236,
  2.013434910172775,
  19.092732032165323
 ]
}
