{
  "n_pairs": 69,
  "spearman_r": 0.47758964562597467,
  "spearman_p": 3.3301045189263605e-05,
  "pearson_r": 0.5058867631880287,
  "pearson_p": 9.241302879948256e-06,
  "R2": 0.25592141716886063,
  "calibrated_MAE_dB": 2.694829461545506,
  "pred_MS_mean": 17.866583077803902,
  "img_MS_mean": 16.843714797631822,
  "tol_days": 90,
  "note": "image-MS为灰度图代理(线性gray->dB,排除纯白);inference-only;同次就诊配对"
}