{
 "tag": "cls_full_hybrid_cfp_aug_s1",
 "task": "cls",
 "arch": "full_hybrid",
 "input": "cfp",
 "aug": true,
 "seed": 1,
 "best_epoch": 19,
 "epochs_run": 34,
 "minutes": 2.0486314813296,
 "test": {
  "roc_auc": 0.5333333333333333,
  "pr_auc": 0.12125108225108225,
  "sens": 0.0,
  "spec": 0.9583333333333334,
  "bal_acc": 0.4791666666666667,
  "cm": [
   46,
   2,
   5,
   0
  ],
  "thr": 0.5683485269546509
 },
 "test_pred": {
  "y": [
   0,
   1,
   0,
   0,
   0,
   0,
   0,
   0,
   0,
   0,
   0,
   0,
   0,
   0,
   0,
   0,
   1,
   0,
   0,
   0,
   0,
   0,
   0,
   0,
   0,
   0,
   0,
   0,
   0,
   0,
   0,
   0,
   0,
   0,
   0,
   0,
   0,
   0,
   1,
   1,
   1,
   0,
   0,
   0,
   0,
   0,
   0,
   0,
   0,
   0,
   0,
   0,
   0
  ],
  "p": [
   0.2387818694114685,
   0.3164926767349243,
   0.28981682658195496,
   0.243803933262825,
   0.2109692543745041,
   0.3264678418636322,
   0.6283712387084961,
   0.4949726462364197,
   0.2231288105249405,
   0.24761369824409485,
   0.22165904939174652,
   0.2356063276529312,
   0.20854264497756958,
   0.23444485664367676,
   0.22152885794639587,
   0.2534273564815521,
   0.23542727530002594,
   0.6659975647926331,
   0.31450310349464417,
   0.3426533341407776,
   0.30159991979599,
   0.22489456832408905,
   0.22851113975048065,
   0.32254329323768616,
   0.22794316709041595,
   0.21863946318626404,
   0.24101097881793976,
   0.3298507332801819,
   0.21605174243450165,
   0.2188998907804489,
   0.20396935939788818,
   0.2176300585269928,
   0.20578990876674652,
   0.25884541869163513,
   0.2310328483581543,
   0.23735633492469788,
   0.2201472669839859,
   0.24340981245040894,
   0.21606537699699402,
   0.2501457631587982,
   0.22452718019485474,
   0.2845623791217804,
   0.2304597645998001,
   0.22944273054599762,
   0.2292611300945282,
   0.20829437673091888,
   0.23049572110176086,
   0.24477553367614746,
   0.22005388140678406,
   0.2447090744972229,
   0.2048957794904709,
   0.20236706733703613,
   0.2005944550037384
  ]
 }
}