{
 "tag": "cls_full_hybrid_cfp_s0",
 "task": "cls",
 "arch": "full_hybrid",
 "input": "cfp",
 "aug": false,
 "seed": 0,
 "best_epoch": 18,
 "epochs_run": 33,
 "minutes": 2.017520721753438,
 "test": {
  "roc_auc": 0.7083333333333333,
  "pr_auc": 0.19492063492063488,
  "sens": 0.6,
  "spec": 0.8333333333333334,
  "bal_acc": 0.7166666666666667,
  "cm": [
   40,
   8,
   2,
   3
  ],
  "thr": 0.31206101179122925
 },
 "test_pred": {
  "y": [
   0,
   1,
   0,
   0,
   0,
   0,
   0,
   0,
   0,
   0,
   0,
   0,
   0,
   0,
   0,
   0,
   1,
   0,
   0,
   0,
   0,
   0,
   0,
   0,
   0,
   0,
   0,
   0,
   0,
   0,
   0,
   0,
   0,
   0,
   0,
   0,
   0,
   0,
   1,
   1,
   1,
   0,
   0,
   0,
   0,
   0,
   0,
   0,
   0,
   0,
   0,
   0,
   0
  ],
  "p": [
   0.28287702798843384,
   0.32383042573928833,
   0.2874806523323059,
   0.2874144911766052,
   0.2982349395751953,
   0.857037365436554,
   0.8573219180107117,
   0.8577315807342529,
   0.2756849527359009,
   0.28756317496299744,
   0.2861720025539398,
   0.2887863218784332,
   0.2841819226741791,
   0.2923821210861206,
   0.29060474038124084,
   0.2997841238975525,
   0.28419002890586853,
   0.302229642868042,
   0.33135750889778137,
   0.310027152299881,
   0.8582363724708557,
   0.3002870976924896,
   0.28334105014801025,
   0.29519814252853394,
   0.2985025942325592,
   0.30945783853530884,
   0.3068419098854065,
   0.288371205329895,
   0.3378562033176422,
   0.2796696722507477,
   0.28100013732910156,
   0.2781132161617279,
   0.27763640880584717,
   0.3072110414505005,
   0.32205361127853394,
   0.2736363112926483,
   0.27137282490730286,
   0.29734352231025696,
   0.295004665851593,
   0.3174136281013489,
   0.314678817987442,
   0.2939373850822449,
   0.28342631459236145,
   0.2837872803211212,
   0.29872798919677734,
   0.27611619234085083,
   0.27693644165992737,
   0.27819764614105225,
   0.28395676612854004,
   0.31338003277778625,
   0.2869540750980377,
   0.27837467193603516,
   0.27526363730430603
  ]
 }
}