{
 "tag": "cls_resnet_annotated_s2",
 "task": "cls",
 "arch": "resnet",
 "input": "annotated",
 "aug": false,
 "seed": 2,
 "best_epoch": 4,
 "epochs_run": 19,
 "minutes": 0.33092466592788694,
 "test": {
  "roc_auc": 0.44166666666666665,
  "pr_auc": 0.12683333333333335,
  "sens": 0.4,
  "spec": 0.5,
  "bal_acc": 0.45,
  "cm": [
   24,
   24,
   3,
   2
  ],
  "thr": 0.1369643211364746
 },
 "test_pred": {
  "y": [
   0,
   1,
   0,
   0,
   0,
   0,
   0,
   0,
   0,
   0,
   0,
   0,
   0,
   0,
   0,
   0,
   1,
   0,
   0,
   0,
   0,
   0,
   0,
   0,
   0,
   0,
   0,
   0,
   0,
   0,
   0,
   0,
   0,
   0,
   0,
   0,
   0,
   0,
   1,
   1,
   1,
   0,
   0,
   0,
   0,
   0,
   0,
   0,
   0,
   0,
   0,
   0,
   0
  ],
  "p": [
   0.18207882344722748,
   0.2116953283548355,
   0.15138566493988037,
   0.14863672852516174,
   0.16147339344024658,
   0.22003857791423798,
   0.23351089656352997,
   0.29996955394744873,
   0.11488424241542816,
   0.14262670278549194,
   0.12529107928276062,
   0.10711626708507538,
   0.12363813817501068,
   0.13447222113609314,
   0.15470267832279205,
   0.07725684344768524,
   0.10456197708845139,
   0.20652729272842407,
   0.18732598423957825,
   0.1749478429555893,
   0.18443959951400757,
   0.18630504608154297,
   0.16386254131793976,
   0.13319125771522522,
   0.1291552037000656,
   0.1862189620733261,
   0.14664679765701294,
   0.12997181713581085,
   0.12287715822458267,
   0.12481404095888138,
   0.09574922919273376,
   0.07214079797267914,
   0.17981205880641937,
   0.10660159587860107,
   0.13005250692367554,
   0.1316891461610794,
   0.08501999825239182,
   0.11427143961191177,
   0.11402538418769836,
   0.14083874225616455,
   0.1364060342311859,
   0.15636904537677765,
   0.13594265282154083,
   0.12830181419849396,
   0.15538297593593597,
   0.13194014132022858,
   0.1473977267742157,
   0.12422434240579605,
   0.13761362433433533,
   0.20155282318592072,
   0.12163566797971725,
   0.10209719091653824,
   0.1450207233428955
  ]
 }
}