{
 "tag": "cls_resnet_cfp_aug_s2",
 "task": "cls",
 "arch": "resnet",
 "input": "cfp",
 "aug": true,
 "seed": 2,
 "best_epoch": 14,
 "epochs_run": 29,
 "minutes": 1.6855490883191426,
 "test": {
  "roc_auc": 0.6666666666666667,
  "pr_auc": 0.1541736694677871,
  "sens": 0.4,
  "spec": 0.7916666666666666,
  "bal_acc": 0.5958333333333333,
  "cm": [
   38,
   10,
   3,
   2
  ],
  "thr": 0.09852178394794464
 },
 "test_pred": {
  "y": [
   0,
   1,
   0,
   0,
   0,
   0,
   0,
   0,
   0,
   0,
   0,
   0,
   0,
   0,
   0,
   0,
   1,
   0,
   0,
   0,
   0,
   0,
   0,
   0,
   0,
   0,
   0,
   0,
   0,
   0,
   0,
   0,
   0,
   0,
   0,
   0,
   0,
   0,
   1,
   1,
   1,
   0,
   0,
   0,
   0,
   0,
   0,
   0,
   0,
   0,
   0,
   0,
   0
  ],
  "p": [
   0.015467770397663116,
   0.1200484186410904,
   0.34974050521850586,
   0.0008659216109663248,
   0.003649740945547819,
   0.3228899836540222,
   0.46073776483535767,
   0.17308248579502106,
   0.003452862147241831,
   0.00022064927907194942,
   0.0011493503116071224,
   0.005002360325306654,
   0.04075964540243149,
   0.0034291408956050873,
   0.05746052414178848,
   0.14994563162326813,
   0.17294347286224365,
   0.31602606177330017,
   0.23356664180755615,
   0.19062653183937073,
   0.2741445004940033,
   0.03705045208334923,
   0.02760072611272335,
   0.034267958253622055,
   0.00026772497221827507,
   0.008706712163984776,
   0.07415207475423813,
   0.45801833271980286,
   0.01800452172756195,
   0.000258851534454152,
   0.0014032692415639758,
   0.0033325757831335068,
   0.011202058754861355,
   0.011914909817278385,
   0.027548644691705704,
   0.0004924178938381374,
   0.0004631125193554908,
   0.06194830685853958,
   0.008351599797606468,
   0.034066393971443176,
   0.038172345608472824,
   0.016552750021219254,
   0.01477392390370369,
   0.000941795005928725,
   0.042333267629146576,
   5.176543345442042e-05,
   0.017075184732675552,
   0.006201841868460178,
   0.01609094999730587,
   0.001495812670327723,
   0.010374901816248894,
   0.00030400173272937536,
   0.004753241781145334
  ]
 }
}