{
 "tag": "cls_transformer_cfp_aug_s2",
 "task": "cls",
 "arch": "transformer",
 "input": "cfp",
 "aug": true,
 "seed": 2,
 "best_epoch": 4,
 "epochs_run": 19,
 "minutes": 1.1682875831921895,
 "test": {
  "roc_auc": 0.675,
  "pr_auc": 0.15644927536231884,
  "sens": 0.6,
  "spec": 0.625,
  "bal_acc": 0.6125,
  "cm": [
   30,
   18,
   2,
   3
  ],
  "thr": 0.6076446771621704
 },
 "test_pred": {
  "y": [
   0,
   1,
   0,
   0,
   0,
   0,
   0,
   0,
   0,
   0,
   0,
   0,
   0,
   0,
   0,
   0,
   1,
   0,
   0,
   0,
   0,
   0,
   0,
   0,
   0,
   0,
   0,
   0,
   0,
   0,
   0,
   0,
   0,
   0,
   0,
   0,
   0,
   0,
   1,
   1,
   1,
   0,
   0,
   0,
   0,
   0,
   0,
   0,
   0,
   0,
   0,
   0,
   0
  ],
  "p": [
   0.6026394963264465,
   0.6066602468490601,
   0.6058460474014282,
   0.6077840924263,
   0.6061837077140808,
   0.6102011203765869,
   0.6109251976013184,
   0.6094065308570862,
   0.6067147254943848,
   0.6062827110290527,
   0.6047114729881287,
   0.606587827205658,
   0.6057579517364502,
   0.6069331765174866,
   0.6080048084259033,
   0.6080825328826904,
   0.6075460314750671,
   0.604611873626709,
   0.6078755855560303,
   0.6055291295051575,
   0.6102468967437744,
   0.6072975397109985,
   0.6054556965827942,
   0.6056569218635559,
   0.6069096326828003,
   0.6072994470596313,
   0.6097424030303955,
   0.6096939444541931,
   0.6094725131988525,
   0.6075534224510193,
   0.6075345277786255,
   0.6064471006393433,
   0.6065362095832825,
   0.6084898114204407,
   0.6085443496704102,
   0.6032112836837769,
   0.6025015711784363,
   0.6089423894882202,
   0.6085490584373474,
   0.6092444062232971,
   0.6077927947044373,
   0.605536162853241,
   0.6055752038955688,
   0.6078619360923767,
   0.6089267134666443,
   0.6053072214126587,
   0.6035624742507935,
   0.6014474034309387,
   0.603833019733429,
   0.6079655289649963,
   0.609192967414856,
   0.6059137582778931,
   0.6060757040977478
  ]
 }
}