{
 "tag": "cls_transformer_annotated_s1",
 "task": "cls",
 "arch": "transformer",
 "input": "annotated",
 "aug": false,
 "seed": 1,
 "best_epoch": 1,
 "epochs_run": 16,
 "minutes": 0.3650978962580363,
 "test": {
  "roc_auc": 0.6833333333333333,
  "pr_auc": 0.22413365346138453,
  "sens": 0.2,
  "spec": 0.9375,
  "bal_acc": 0.56875,
  "cm": [
   45,
   3,
   4,
   1
  ],
  "thr": 0.689964771270752
 },
 "test_pred": {
  "y": [
   0,
   1,
   0,
   0,
   0,
   0,
   0,
   0,
   0,
   0,
   0,
   0,
   0,
   0,
   0,
   0,
   1,
   0,
   0,
   0,
   0,
   0,
   0,
   0,
   0,
   0,
   0,
   0,
   0,
   0,
   0,
   0,
   0,
   0,
   0,
   0,
   0,
   0,
   1,
   1,
   1,
   0,
   0,
   0,
   0,
   0,
   0,
   0,
   0,
   0,
   0,
   0,
   0
  ],
  "p": [
   0.671388566493988,
   0.6867084503173828,
   0.6806200742721558,
   0.6794048547744751,
   0.6792591214179993,
   0.6920565962791443,
   0.6960548758506775,
   0.6884496808052063,
   0.6493778824806213,
   0.6765984296798706,
   0.6681510806083679,
   0.6619850993156433,
   0.6592603325843811,
   0.6795370578765869,
   0.6787447333335876,
   0.6565073728561401,
   0.6498377919197083,
   0.6854608654975891,
   0.6835620999336243,
   0.6809267997741699,
   0.6910130977630615,
   0.6832451224327087,
   0.6790289282798767,
   0.6689713597297668,
   0.6673899292945862,
   0.6711951494216919,
   0.6821634769439697,
   0.6842552423477173,
   0.6825758218765259,
   0.6692782640457153,
   0.6743181943893433,
   0.6562031507492065,
   0.6672618389129639,
   0.6846229434013367,
   0.6846074461936951,
   0.6600605249404907,
   0.6618913412094116,
   0.6735758781433105,
   0.6824727654457092,
   0.6831505298614502,
   0.6906471252441406,
   0.6782686114311218,
   0.67856764793396,
   0.6784276962280273,
   0.6835321187973022,
   0.661093533039093,
   0.6492401957511902,
   0.6578832864761353,
   0.6579976677894592,
   0.6747006773948669,
   0.6839903593063354,
   0.6459923982620239,
   0.6455332040786743
  ]
 }
}