{
 "tag": "cls_resnet_cfp_s0",
 "task": "cls",
 "arch": "resnet",
 "input": "cfp",
 "aug": false,
 "seed": 0,
 "best_epoch": 9,
 "epochs_run": 24,
 "minutes": 1.2109422047932943,
 "test": {
  "roc_auc": 0.6125,
  "pr_auc": 0.141359940872136,
  "sens": 0.0,
  "spec": 0.8958333333333334,
  "bal_acc": 0.4479166666666667,
  "cm": [
   43,
   5,
   5,
   0
  ],
  "thr": 0.1494194120168686
 },
 "test_pred": {
  "y": [
   0,
   1,
   0,
   0,
   0,
   0,
   0,
   0,
   0,
   0,
   0,
   0,
   0,
   0,
   0,
   0,
   1,
   0,
   0,
   0,
   0,
   0,
   0,
   0,
   0,
   0,
   0,
   0,
   0,
   0,
   0,
   0,
   0,
   0,
   0,
   0,
   0,
   0,
   1,
   1,
   1,
   0,
   0,
   0,
   0,
   0,
   0,
   0,
   0,
   0,
   0,
   0,
   0
  ],
  "p": [
   0.07490506768226624,
   0.10327877849340439,
   0.5726698040962219,
   0.014878450892865658,
   0.014286848716437817,
   0.08276249468326569,
   0.1038265973329544,
   0.22133147716522217,
   0.02980205975472927,
   0.024678615853190422,
   0.018342625349760056,
   0.027660822495818138,
   0.03519384562969208,
   0.029277179390192032,
   0.013362589292228222,
   0.1593475490808487,
   0.0967501774430275,
   0.17228183150291443,
   0.16513758897781372,
   0.09500764310359955,
   0.1309870481491089,
   0.08201901614665985,
   0.07631940394639969,
   0.13482871651649475,
   0.02655361406505108,
   0.01201433315873146,
   0.07030808925628662,
   0.10595136135816574,
   0.03887534514069557,
   0.027253473177552223,
   0.030063996091485023,
   0.05092962086200714,
   0.02452142909169197,
   0.05909905582666397,
   0.0787711814045906,
   0.019964981824159622,
   0.026658570393919945,
   0.09432096779346466,
   0.04823349788784981,
   0.05783288553357124,
   0.02376558445394039,
   0.04055364802479744,
   0.014762072823941708,
   0.045737121254205704,
   0.019707195460796356,
   0.03847753629088402,
   0.021490637212991714,
   0.061159536242485046,
   0.03959226980805397,
   0.012485272251069546,
   0.027913883328437805,
   0.012571766041219234,
   0.00804125890135765
  ]
 }
}