{
 "tag": "cls_resnet_cfp_s2",
 "task": "cls",
 "arch": "resnet",
 "input": "cfp",
 "aug": false,
 "seed": 2,
 "best_epoch": 27,
 "epochs_run": 42,
 "minutes": 2.0946090817451477,
 "test": {
  "roc_auc": 0.55,
  "pr_auc": 0.12209538479876403,
  "sens": 0.0,
  "spec": 0.8958333333333334,
  "bal_acc": 0.4479166666666667,
  "cm": [
   43,
   5,
   5,
   0
  ],
  "thr": 0.044021785259246826
 },
 "test_pred": {
  "y": [
   0,
   1,
   0,
   0,
   0,
   0,
   0,
   0,
   0,
   0,
   0,
   0,
   0,
   0,
   0,
   0,
   1,
   0,
   0,
   0,
   0,
   0,
   0,
   0,
   0,
   0,
   0,
   0,
   0,
   0,
   0,
   0,
   0,
   0,
   0,
   0,
   0,
   0,
   1,
   1,
   1,
   0,
   0,
   0,
   0,
   0,
   0,
   0,
   0,
   0,
   0,
   0,
   0
  ],
  "p": [
   0.15114179253578186,
   0.01586882956326008,
   0.03635489195585251,
   0.009076974354684353,
   0.020269952714443207,
   0.04096394404768944,
   0.1007523313164711,
   0.032215964049100876,
   0.0066192480735480785,
   0.010568702593445778,
   0.02203073725104332,
   0.020284775644540787,
   0.02936490625143051,
   0.014535900205373764,
   0.029315637424588203,
   0.010039376094937325,
   0.025447089225053787,
   0.05663945525884628,
   0.08354190737009048,
   0.011712935753166676,
   0.11921504139900208,
   0.01387224905192852,
   0.03497219458222389,
   0.03523772954940796,
   0.009446626529097557,
   0.01835496909916401,
   0.009947109967470169,
   0.03949418291449547,
   0.023978037759661674,
   0.006556125823408365,
   0.01258648931980133,
   0.0077178035862743855,
   0.024743376299738884,
   0.007513411343097687,
   0.03560764715075493,
   0.010423108004033566,
   0.012910302728414536,
   0.014807735569775105,
   0.02903139777481556,
   0.008352953940629959,
   0.03171732276678085,
   0.010176029987633228,
   0.01217755675315857,
   0.0111332256346941,
   0.019259506836533546,
   0.029083311557769775,
   0.014452660456299782,
   0.017662715166807175,
   0.01436116173863411,
   0.007562596350908279,
   0.018575159832835197,
   0.005129361990839243,
   0.008511507883667946
  ]
 }
}