{
 "tag": "cls_full_hybrid_cfp_aug_s2",
 "task": "cls",
 "arch": "full_hybrid",
 "input": "cfp",
 "aug": true,
 "seed": 2,
 "best_epoch": 1,
 "epochs_run": 16,
 "minutes": 0.96794619957606,
 "test": {
  "roc_auc": 0.21666666666666667,
  "pr_auc": 0.06972254453620913,
  "sens": 1.0,
  "spec": 0.041666666666666664,
  "bal_acc": 0.5208333333333334,
  "cm": [
   2,
   46,
   0,
   5
  ],
  "thr": 0.5910775661468506
 },
 "test_pred": {
  "y": [
   0,
   1,
   0,
   0,
   0,
   0,
   0,
   0,
   0,
   0,
   0,
   0,
   0,
   0,
   0,
   0,
   1,
   0,
   0,
   0,
   0,
   0,
   0,
   0,
   0,
   0,
   0,
   0,
   0,
   0,
   0,
   0,
   0,
   0,
   0,
   0,
   0,
   0,
   1,
   1,
   1,
   0,
   0,
   0,
   0,
   0,
   0,
   0,
   0,
   0,
   0,
   0,
   0
  ],
  "p": [
   0.596824049949646,
   0.5917565822601318,
   0.5929983258247375,
   0.5928945541381836,
   0.5927144289016724,
   0.5908344388008118,
   0.5906789898872375,
   0.5919101238250732,
   0.5951365232467651,
   0.5940176248550415,
   0.5942608714103699,
   0.5942450761795044,
   0.5940849781036377,
   0.5933473110198975,
   0.5929533243179321,
   0.5927593111991882,
   0.5932638049125671,
   0.5929926633834839,
   0.5917806029319763,
   0.592433750629425,
   0.5912744998931885,
   0.5930575728416443,
   0.5943201780319214,
   0.5938418507575989,
   0.5937788486480713,
   0.5935519337654114,
   0.5918870568275452,
   0.5917971134185791,
   0.5916752815246582,
   0.593718945980072,
   0.5937906503677368,
   0.593702495098114,
   0.5943059921264648,
   0.5919733643531799,
   0.5919389724731445,
   0.5970939993858337,
   0.5979641079902649,
   0.5920838117599487,
   0.5920556783676147,
   0.5918807983398438,
   0.5918641686439514,
   0.5927955508232117,
   0.593087911605835,
   0.5930454730987549,
   0.592331051826477,
   0.595635712146759,
   0.595730721950531,
   0.5986437201499939,
   0.595517635345459,
   0.5927679538726807,
   0.5919370055198669,
   0.5953829288482666,
   0.595576822757721
  ]
 }
}