{
 "tag": "cls_hybrid_cfp_s1",
 "task": "cls",
 "arch": "hybrid",
 "input": "cfp",
 "aug": false,
 "seed": 1,
 "best_epoch": 5,
 "epochs_run": 20,
 "minutes": 1.154298973083496,
 "test": {
  "roc_auc": 0.6208333333333333,
  "pr_auc": 0.13441516667323117,
  "sens": 0.0,
  "spec": 0.8333333333333334,
  "bal_acc": 0.4166666666666667,
  "cm": [
   40,
   8,
   5,
   0
  ],
  "thr": 0.2018948644399643
 },
 "test_pred": {
  "y": [
   0,
   1,
   0,
   0,
   0,
   0,
   0,
   0,
   0,
   0,
   0,
   0,
   0,
   0,
   0,
   0,
   1,
   0,
   0,
   0,
   0,
   0,
   0,
   0,
   0,
   0,
   0,
   0,
   0,
   0,
   0,
   0,
   0,
   0,
   0,
   0,
   0,
   0,
   1,
   1,
   1,
   0,
   0,
   0,
   0,
   0,
   0,
   0,
   0,
   0,
   0,
   0,
   0
  ],
  "p": [
   0.19265973567962646,
   0.16721415519714355,
   0.2702488601207733,
   0.15647216141223907,
   0.1625431776046753,
   0.1724621206521988,
   0.17735211551189423,
   0.20785699784755707,
   0.15098436176776886,
   0.15930162370204926,
   0.15394866466522217,
   0.16812127828598022,
   0.15481814742088318,
   0.1915968805551529,
   0.16584277153015137,
   0.1700950413942337,
   0.17036403715610504,
   0.3142143785953522,
   0.2893418073654175,
   0.17136982083320618,
   0.2508518099784851,
   0.16756802797317505,
   0.1537701040506363,
   0.2555334270000458,
   0.1621297150850296,
   0.1590694636106491,
   0.1684756875038147,
   0.22122882306575775,
   0.16909992694854736,
   0.1494554579257965,
   0.15309664607048035,
   0.16035602986812592,
   0.16030217707157135,
   0.1714523285627365,
   0.1718658059835434,
   0.15868377685546875,
   0.15434229373931885,
   0.22684325277805328,
   0.1741095930337906,
   0.16308842599391937,
   0.17563793063163757,
   0.1732584536075592,
   0.15883755683898926,
   0.16487690806388855,
   0.15378376841545105,
   0.16198720037937164,
   0.1618567705154419,
   0.18502166867256165,
   0.15590593218803406,
   0.17200876772403717,
   0.16584408283233643,
   0.1528112143278122,
   0.15409162640571594
  ]
 }
}