{
 "tag": "cls_full_hybrid_annotated_s0",
 "task": "cls",
 "arch": "full_hybrid",
 "input": "annotated",
 "aug": false,
 "seed": 0,
 "best_epoch": 12,
 "epochs_run": 27,
 "minutes": 0.7884166042009989,
 "test": {
  "roc_auc": 0.575,
  "pr_auc": 0.13847890671420082,
  "sens": 0.0,
  "spec": 0.9583333333333334,
  "bal_acc": 0.4791666666666667,
  "cm": [
   46,
   2,
   5,
   0
  ],
  "thr": 0.6949477791786194
 },
 "test_pred": {
  "y": [
   0,
   1,
   0,
   0,
   0,
   0,
   0,
   0,
   0,
   0,
   0,
   0,
   0,
   0,
   0,
   0,
   1,
   0,
   0,
   0,
   0,
   0,
   0,
   0,
   0,
   0,
   0,
   0,
   0,
   0,
   0,
   0,
   0,
   0,
   0,
   0,
   0,
   0,
   1,
   1,
   1,
   0,
   0,
   0,
   0,
   0,
   0,
   0,
   0,
   0,
   0,
   0,
   0
  ],
  "p": [
   0.40544137358665466,
   0.6793538928031921,
   0.38262736797332764,
   0.7175122499465942,
   0.4264954626560211,
   0.692089319229126,
   0.6906709671020508,
   0.6943355798721313,
   0.32066187262535095,
   0.42866331338882446,
   0.35728830099105835,
   0.3885667026042938,
   0.3718433678150177,
   0.4117523729801178,
   0.40361812710762024,
   0.3432346284389496,
   0.339954137802124,
   0.6944062113761902,
   0.6946312785148621,
   0.43900826573371887,
   0.692724347114563,
   0.4093851149082184,
   0.35279983282089233,
   0.4480273723602295,
   0.34325289726257324,
   0.35503408312797546,
   0.46318498253822327,
   0.4278556704521179,
   0.4594378173351288,
   0.3257664740085602,
   0.3344183564186096,
   0.35003355145454407,
   0.32332944869995117,
   0.544478714466095,
   0.7345777153968811,
   0.3223789930343628,
   0.32439687848091125,
   0.40418383479118347,
   0.36344391107559204,
   0.4179827570915222,
   0.5507290959358215,
   0.5217078924179077,
   0.3921482264995575,
   0.3605281114578247,
   0.363181471824646,
   0.32282623648643494,
   0.31976330280303955,
   0.4019225835800171,
   0.37590450048446655,
   0.3694528341293335,
   0.383136510848999,
   0.3518393933773041,
   0.31751641631126404
  ]
 }
}