{
 "tag": "cls_hybrid_annotated_s2",
 "task": "cls",
 "arch": "hybrid",
 "input": "annotated",
 "aug": false,
 "seed": 2,
 "best_epoch": 17,
 "epochs_run": 32,
 "minutes": 1.034766674041748,
 "test": {
  "roc_auc": 0.4208333333333333,
  "pr_auc": 0.09257989141055815,
  "sens": 0.0,
  "spec": 0.9583333333333334,
  "bal_acc": 0.4791666666666667,
  "cm": [
   46,
   2,
   5,
   0
  ],
  "thr": 0.06206366419792175
 },
 "test_pred": {
  "y": [
   0,
   1,
   0,
   0,
   0,
   0,
   0,
   0,
   0,
   0,
   0,
   0,
   0,
   0,
   0,
   0,
   1,
   0,
   0,
   0,
   0,
   0,
   0,
   0,
   0,
   0,
   0,
   0,
   0,
   0,
   0,
   0,
   0,
   0,
   0,
   0,
   0,
   0,
   1,
   1,
   1,
   0,
   0,
   0,
   0,
   0,
   0,
   0,
   0,
   0,
   0,
   0,
   0
  ],
  "p": [
   0.049534574151039124,
   0.023756498470902443,
   0.02700166590511799,
   0.04011595621705055,
   0.035297054797410965,
   0.04273360222578049,
   0.011352388188242912,
   0.04035232961177826,
   0.01386949047446251,
   0.02841058000922203,
   0.016932420432567596,
   0.04982753470540047,
   0.020902875810861588,
   0.023462077602744102,
   0.035596564412117004,
   0.031348761171102524,
   0.021339457482099533,
   0.03096763789653778,
   0.021158087998628616,
   0.0418333038687706,
   0.02994915097951889,
   0.029419761151075363,
   0.02736532874405384,
   0.04707544669508934,
   0.12146018445491791,
   0.0695398598909378,
   0.03352731466293335,
   0.02699963003396988,
   0.046748220920562744,
   0.025414468720555305,
   0.020640967413783073,
   0.021369127556681633,
   0.02631259895861149,
   0.018056944012641907,
   0.05233779177069664,
   0.0194077305495739,
   0.019905954599380493,
   0.03903845325112343,
   0.026500346139073372,
   0.036500897258520126,
   0.03091098554432392,
   0.03333859145641327,
   0.03168841078877449,
   0.026865702122449875,
   0.02475297637283802,
   0.027227558195590973,
   0.025608737021684647,
   0.034483108669519424,
   0.0406925268471241,
   0.02513054758310318,
   0.029715940356254578,
   0.01962766982614994,
   0.028416048735380173
  ]
 }
}