{
 "tag": "cls_resnet_annotated_s0",
 "task": "cls",
 "arch": "resnet",
 "input": "annotated",
 "aug": false,
 "seed": 0,
 "best_epoch": 2,
 "epochs_run": 17,
 "minutes": 0.2898641029993693,
 "test": {
  "roc_auc": 0.3041666666666667,
  "pr_auc": 0.08545684069356954,
  "sens": 0.0,
  "spec": 0.9375,
  "bal_acc": 0.46875,
  "cm": [
   45,
   3,
   5,
   0
  ],
  "thr": 0.22856882214546204
 },
 "test_pred": {
  "y": [
   0,
   1,
   0,
   0,
   0,
   0,
   0,
   0,
   0,
   0,
   0,
   0,
   0,
   0,
   0,
   0,
   1,
   0,
   0,
   0,
   0,
   0,
   0,
   0,
   0,
   0,
   0,
   0,
   0,
   0,
   0,
   0,
   0,
   0,
   0,
   0,
   0,
   0,
   1,
   1,
   1,
   0,
   0,
   0,
   0,
   0,
   0,
   0,
   0,
   0,
   0,
   0,
   0
  ],
  "p": [
   0.1986561417579651,
   0.13326379656791687,
   0.10667210072278976,
   0.15924072265625,
   0.1487322449684143,
   0.1141471192240715,
   0.1935134083032608,
   0.2578664720058441,
   0.26462697982788086,
   0.11519218981266022,
   0.13212382793426514,
   0.16583651304244995,
   0.11429739743471146,
   0.11818079650402069,
   0.13444867730140686,
   0.21858170628547668,
   0.21105803549289703,
   0.1907302588224411,
   0.17070740461349487,
   0.21603575348854065,
   0.1311020404100418,
   0.17388172447681427,
   0.15618491172790527,
   0.2153274118900299,
   0.20716528594493866,
   0.19353879988193512,
   0.1180175170302391,
   0.15090349316596985,
   0.14797963201999664,
   0.1603551208972931,
   0.13734611868858337,
   0.1987389624118805,
   0.15683414041996002,
   0.1339545100927353,
   0.12987498939037323,
   0.19642901420593262,
   0.22977285087108612,
   0.1464034467935562,
   0.12987631559371948,
   0.12110645323991776,
   0.1086558923125267,
   0.14708176255226135,
   0.1464710831642151,
   0.1005164235830307,
   0.12507113814353943,
   0.22512762248516083,
   0.1846839338541031,
   0.1429784893989563,
   0.15834112465381622,
   0.1330084502696991,
   0.11909517645835876,
   0.21129195392131805,
   0.16053085029125214
  ]
 }
}