{
 "tag": "cls_full_hybrid_roi_s2",
 "task": "cls",
 "arch": "full_hybrid",
 "input": "roi",
 "aug": false,
 "seed": 2,
 "best_epoch": 1,
 "epochs_run": 16,
 "minutes": 0.49888726472854616,
 "test": {
  "roc_auc": 0.6833333333333333,
  "pr_auc": 0.17618877217155554,
  "sens": 0.8,
  "spec": 0.6875,
  "bal_acc": 0.74375,
  "cm": [
   33,
   15,
   1,
   4
  ],
  "thr": 0.6130247712135315
 },
 "test_pred": {
  "y": [
   0,
   1,
   0,
   0,
   0,
   0,
   0,
   0,
   0,
   0,
   0,
   0,
   0,
   0,
   0,
   0,
   1,
   0,
   0,
   0,
   0,
   0,
   0,
   0,
   0,
   0,
   0,
   0,
   0,
   0,
   0,
   0,
   0,
   0,
   0,
   0,
   0,
   0,
   1,
   1,
   1,
   0,
   0,
   0,
   0,
   0,
   0,
   0,
   0,
   0,
   0,
   0,
   0
  ],
  "p": [
   0.6069515347480774,
   0.6147885918617249,
   0.6110681295394897,
   0.6115235090255737,
   0.6126654148101807,
   0.6172489523887634,
   0.6170578002929688,
   0.6158015131950378,
   0.6090827584266663,
   0.6114107370376587,
   0.6100462675094604,
   0.6112238168716431,
   0.6108520030975342,
   0.6116830706596375,
   0.6128435730934143,
   0.6105801463127136,
   0.6098882555961609,
   0.6155202388763428,
   0.6148590445518494,
   0.6119853258132935,
   0.616832435131073,
   0.6127333641052246,
   0.6105053424835205,
   0.608857274055481,
   0.6110168695449829,
   0.6109237670898438,
   0.6144437193870544,
   0.6147943139076233,
   0.6143569350242615,
   0.6115052103996277,
   0.6115492582321167,
   0.6097552180290222,
   0.6103293895721436,
   0.6142082214355469,
   0.6145747303962708,
   0.6063979268074036,
   0.6061200499534607,
   0.614815354347229,
   0.6140967607498169,
   0.6144737601280212,
   0.6148086786270142,
   0.6113590598106384,
   0.6106665730476379,
   0.6123169660568237,
   0.6139652132987976,
   0.6092914938926697,
   0.6082313656806946,
   0.6055067181587219,
   0.6064802408218384,
   0.6133483648300171,
   0.6150704026222229,
   0.6097227334976196,
   0.6092916131019592
  ]
 }
}