{
 "tag": "cls_transformer_roi_s1",
 "task": "cls",
 "arch": "transformer",
 "input": "roi",
 "aug": false,
 "seed": 1,
 "best_epoch": 2,
 "epochs_run": 17,
 "minutes": 0.3991904695828756,
 "test": {
  "roc_auc": 0.6583333333333333,
  "pr_auc": 0.196031746031746,
  "sens": 0.6,
  "spec": 0.875,
  "bal_acc": 0.7375,
  "cm": [
   42,
   6,
   2,
   3
  ],
  "thr": 0.6421595215797424
 },
 "test_pred": {
  "y": [
   0,
   1,
   0,
   0,
   0,
   0,
   0,
   0,
   0,
   0,
   0,
   0,
   0,
   0,
   0,
   0,
   1,
   0,
   0,
   0,
   0,
   0,
   0,
   0,
   0,
   0,
   0,
   0,
   0,
   0,
   0,
   0,
   0,
   0,
   0,
   0,
   0,
   0,
   1,
   1,
   1,
   0,
   0,
   0,
   0,
   0,
   0,
   0,
   0,
   0,
   0,
   0,
   0
  ],
  "p": [
   0.6083292961120605,
   0.6461320519447327,
   0.6281256079673767,
   0.6261628270149231,
   0.6229948997497559,
   0.654569685459137,
   0.6558337211608887,
   0.6535505652427673,
   0.5757498145103455,
   0.6186839938163757,
   0.598151445388794,
   0.59333336353302,
   0.6094843745231628,
   0.6220678687095642,
   0.6316621899604797,
   0.5866080522537231,
   0.5777407288551331,
   0.6527393460273743,
   0.6520411968231201,
   0.6370935440063477,
   0.6544147729873657,
   0.6333174705505371,
   0.6089441180229187,
   0.6279228329658508,
   0.6199024319648743,
   0.6310731768608093,
   0.6101020574569702,
   0.6156919002532959,
   0.6327725648880005,
   0.5875556468963623,
   0.5914066433906555,
   0.588551938533783,
   0.5927920937538147,
   0.6370878219604492,
   0.6301390528678894,
   0.5706914067268372,
   0.5678249001502991,
   0.6080125570297241,
   0.6175245642662048,
   0.6451113224029541,
   0.6448803544044495,
   0.6331289410591125,
   0.6098666787147522,
   0.6154844164848328,
   0.6392187476158142,
   0.5765901207923889,
   0.5733644366264343,
   0.5726068019866943,
   0.5925402045249939,
   0.638012170791626,
   0.624389111995697,
   0.5716103315353394,
   0.5687406659126282
  ]
 }
}