{
 "tag": "cls_resnet_roi_s0",
 "task": "cls",
 "arch": "resnet",
 "input": "roi",
 "aug": false,
 "seed": 0,
 "best_epoch": 9,
 "epochs_run": 24,
 "minutes": 0.41594300270080564,
 "test": {
  "roc_auc": 0.4916666666666667,
  "pr_auc": 0.12281406406406406,
  "sens": 0.2,
  "spec": 0.8125,
  "bal_acc": 0.50625,
  "cm": [
   39,
   9,
   4,
   1
  ],
  "thr": 0.1514444500207901
 },
 "test_pred": {
  "y": [
   0,
   1,
   0,
   0,
   0,
   0,
   0,
   0,
   0,
   0,
   0,
   0,
   0,
   0,
   0,
   0,
   1,
   0,
   0,
   0,
   0,
   0,
   0,
   0,
   0,
   0,
   0,
   0,
   0,
   0,
   0,
   0,
   0,
   0,
   0,
   0,
   0,
   0,
   1,
   1,
   1,
   0,
   0,
   0,
   0,
   0,
   0,
   0,
   0,
   0,
   0,
   0,
   0
  ],
  "p": [
   0.03350687026977539,
   0.045396801084280014,
   0.04593230411410332,
   0.06628713756799698,
   0.1332450658082962,
   0.1548682153224945,
   0.29280561208724976,
   0.4211713373661041,
   0.005819104146212339,
   0.08672698587179184,
   0.03631819412112236,
   0.0712939128279686,
   0.038448866456747055,
   0.020615939050912857,
   0.2944715917110443,
   0.13228189945220947,
   0.2906436026096344,
   0.035431861877441406,
   0.10139394551515579,
   0.23727187514305115,
   0.19952435791492462,
   0.03983200341463089,
   0.3873225152492523,
   0.07453206181526184,
   0.012058328837156296,
   0.002893512835726142,
   0.08249074965715408,
   0.12290170043706894,
   0.12761752307415009,
   0.02616860717535019,
   0.20212292671203613,
   0.015232313424348831,
   0.04661523178219795,
   0.0930551141500473,
   0.08123720437288284,
   0.044523656368255615,
   0.023399554193019867,
   0.03202798217535019,
   0.038151055574417114,
   0.06495582312345505,
   0.03792629763484001,
   0.27274951338768005,
   0.1512838751077652,
   0.06542157381772995,
   0.02245740406215191,
   0.046042781323194504,
   0.11698222160339355,
   0.08912892639636993,
   0.02076360024511814,
   0.013576120138168335,
   0.037776630371809006,
   0.006755345035344362,
   0.061698634177446365
  ]
 }
}