{
 "tag": "cls_hybrid_roi_s1",
 "task": "cls",
 "arch": "hybrid",
 "input": "roi",
 "aug": false,
 "seed": 1,
 "best_epoch": 9,
 "epochs_run": 24,
 "minutes": 0.7769538044929505,
 "test": {
  "roc_auc": 0.45833333333333337,
  "pr_auc": 0.10054000715765421,
  "sens": 0.0,
  "spec": 0.9583333333333334,
  "bal_acc": 0.4791666666666667,
  "cm": [
   46,
   2,
   5,
   0
  ],
  "thr": 0.12069249898195267
 },
 "test_pred": {
  "y": [
   0,
   1,
   0,
   0,
   0,
   0,
   0,
   0,
   0,
   0,
   0,
   0,
   0,
   0,
   0,
   0,
   1,
   0,
   0,
   0,
   0,
   0,
   0,
   0,
   0,
   0,
   0,
   0,
   0,
   0,
   0,
   0,
   0,
   0,
   0,
   0,
   0,
   0,
   1,
   1,
   1,
   0,
   0,
   0,
   0,
   0,
   0,
   0,
   0,
   0,
   0,
   0,
   0
  ],
  "p": [
   0.1393653154373169,
   0.03722268342971802,
   0.07466822862625122,
   0.04919206351041794,
   0.036550372838974,
   0.06897154450416565,
   0.11006833612918854,
   0.11617577821016312,
   0.034375641494989395,
   0.02925766073167324,
   0.05736289545893669,
   0.036925915628671646,
   0.046803608536720276,
   0.05633457005023956,
   0.059967029839754105,
   0.05016806721687317,
   0.057772714644670486,
   0.058911532163619995,
   0.14734508097171783,
   0.04662278667092323,
   0.06099743768572807,
   0.04401428624987602,
   0.03021787293255329,
   0.07486256211996078,
   0.06677351146936417,
   0.07823832333087921,
   0.02696397714316845,
   0.029236674308776855,
   0.04853527620434761,
   0.029092447832226753,
   0.03811696916818619,
   0.03581349179148674,
   0.03639059141278267,
   0.03562381491065025,
   0.05497149005532265,
   0.04219362884759903,
   0.06250181049108505,
   0.03834368288516998,
   0.029722701758146286,
   0.052894920110702515,
   0.052703604102134705,
   0.07786783576011658,
   0.0635882169008255,
   0.04467519745230675,
   0.043167173862457275,
   0.032076627016067505,
   0.038136981427669525,
   0.035630326718091965,
   0.0730317085981369,
   0.045600757002830505,
   0.0360255092382431,
   0.02805245667695999,
   0.03959975764155388
  ]
 }
}